Timestamp,Lx,Ly,Lz,LqX,LqY,LqZ,LqW,Rx,Ry,Rz,RqX,RqY,RqZ,RqWGx,Gy,Gz,Glx,Gly,Glz,Gf,Lpd,Rpd
29,-0.1309658,-0.4314349,0.1786766,-0.02393823,-0.09537468,-0.0762224,0.9922302,0.01488057,-0.4751256,0.4453278,0.03397483,-0.0564907,0.1733981,0.9826432,-0.007039934,0.06637955,-0.06500721,-0.0141815,-0.6830568,0.7302275,0.397973,4.072016,3.370166
52,-0.1308632,-0.4313033,0.1783686,-0.02395358,-0.09508286,-0.07648864,0.9922374,0.01529601,-0.4750112,0.4451799,0.03550664,-0.05530073,0.1682331,0.9835541,-0.007264704,0.06488049,-0.06437683,0.001644455,-0.692217,0.7216876,0.3321758,3.189514,4.307769
74,-0.1307774,-0.4311008,0.1780529,-0.02395589,-0.09452018,-0.07690026,0.9922593,0.01563385,-0.4748633,0.4448833,0.03568051,-0.05425346,0.1665314,0.9838957,-0.007621557,0.06335342,-0.06374741,0.0396347,-0.6567831,0.7530371,0.6796664,4.151173,4.385788
103,-0.1307366,-0.4307041,0.1777096,-0.02459224,-0.09422841,-0.07682803,0.992277,0.0158675,-0.4745067,0.444519,0.0341973,-0.05360212,0.1702122,0.9833541,-0.008028328,0.06155396,-0.06309223,0.05708847,-0.6491899,0.758481,0.9514399,4.174548,4.152824
124,-0.1304477,-0.4305325,0.1772099,-0.02533266,-0.09420934,-0.07744119,0.9922126,0.01590148,-0.4741093,0.4442921,0.03285087,-0.05394401,0.170078,0.9834045,-0.008239269,0.06020546,-0.06244278,0.06568184,-0.6241704,0.7785226,2,4.059207,4.400354
157,-0.1305581,-0.42995,0.1766472,-0.02587201,-0.09383398,-0.07712809,0.9922586,0.01602772,-0.4739076,0.4438105,0.03291079,-0.05396234,0.1686594,0.9836457,-0.008545965,0.05815828,-0.06181908,0.07799093,-0.6554086,0.751237,2,3.434253,4.459166
181,-0.1305042,-0.4298959,0.1761694,-0.02631277,-0.09372008,-0.07598572,0.9923459,0.01602963,-0.4738394,0.4434757,0.03323169,-0.05395637,0.168063,0.9837373,-0.008726627,0.056903,-0.06155968,0.08383919,-0.6720351,0.7357579,2,4.046874,4.398716
203,-0.1307277,-0.4298911,0.1757917,-0.02642749,-0.09374175,-0.07654477,0.9922979,0.01564589,-0.4738752,0.4432468,0.03319079,-0.05501413,0.1694947,0.9834345,-0.008910418,0.05592573,-0.06104755,0.08328293,-0.6848973,0.7238644,2,3.986674,4.352796
231,-0.1308173,-0.430532,0.1752682,-0.02483597,-0.09390803,-0.07797407,0.9922119,0.01491752,-0.4740024,0.4428053,0.03311605,-0.05867902,0.1742162,0.9823995,-0.009185374,0.05449522,-0.06006527,0.1057833,-0.701122,0.7051508,2,3.277956,4.294527
251,-0.131224,-0.430951,0.1749229,-0.02290757,-0.09425782,-0.07664503,0.9923287,0.0143415,-0.4738765,0.442441,0.0340559,-0.06106308,0.176404,0.9818316,-0.009489596,0.05351043,-0.05944061,0.07176533,-0.7093654,0.7011778,2,0,3.157162
295,-0.1321217,-0.4311403,0.1741056,-0.02106737,-0.09585278,-0.07678257,0.9922061,0.01416698,-0.4729462,0.4421368,0.03520581,-0.06132323,0.1683253,0.9831921,-0.01030779,0.05156744,-0.0579195,0.05214307,-0.7095953,0.7026775,0.5229554,3.962252,0
317,-0.1328302,-0.4306852,0.1738586,-0.02144196,-0.09675025,-0.077596,0.9920477,0.01419678,-0.4726288,0.4419594,0.03571934,-0.0624519,0.1684601,0.9830794,-0.01073751,0.05068564,-0.05741882,0.03994148,-0.7153636,0.6976099,0.3842334,4.04927,3.332244
340,-0.1333394,-0.4303297,0.1734982,-0.02230915,-0.09782229,-0.07703792,0.9919669,0.01404467,-0.4725257,0.4418011,0.03591315,-0.06328946,0.1697011,0.9828053,-0.0112448,0.04986703,-0.05724335,0.05401997,-0.7005755,0.7115306,0.5180562,3.858535,4.330315
351,-0.1336826,-0.430079,0.1734142,-0.02276936,-0.09846459,-0.07631718,0.9919486,0.01417747,-0.4725598,0.4417744,0.03596429,-0.06314474,0.1708186,0.9826191,-0.01145071,0.04950881,-0.0571785,0.05840202,-0.6947173,0.7169081,0.5912108,3.900476,3.18734
383,-0.1344849,-0.4299431,0.1729164,-0.02336658,-0.1008353,-0.07545787,0.9917623,0.01520625,-0.4731228,0.4413815,0.03738165,-0.06175722,0.1710155,0.9826202,-0.01201576,0.04874885,-0.05689621,0.0384883,-0.7023994,0.7107416,0.4773443,3.963295,3.211149
409,-0.1349683,-0.4298581,0.1726894,-0.02272071,-0.1021101,-0.0757178,0.991627,0.0156087,-0.4736583,0.4411411,0.03869724,-0.0621936,0.1723204,0.9823137,-0.01242849,0.04834783,-0.05665588,0.04749341,-0.7022129,0.7103812,0.4880038,4.013104,4.451489
430,-0.1352112,-0.4298257,0.1725178,-0.02276268,-0.1024661,-0.07478255,0.9916604,0.01557437,-0.474184,0.4410934,0.03996598,-0.06311891,0.1748249,0.9817612,-0.01282418,0.04803765,-0.05656719,0.08722685,-0.694913,0.7137839,0.8638427,3.371896,4.36728
453,-0.1348182,-0.4300307,0.1723232,-0.02333264,-0.1012869,-0.07405069,0.9918231,0.0157651,-0.474615,0.4409714,0.04066819,-0.06275905,0.1753113,0.9816687,-0.01317057,0.0478121,-0.05654049,0.116648,-0.6967043,0.707811,0.713472,2.859871,4.73315
476,-0.1347526,-0.4301201,0.172164,-0.02369512,-0.100658,-0.07394785,0.9918862,0.01585129,-0.4749801,0.4409685,0.04181027,-0.0625719,0.1750584,0.9816778,-0.01346916,0.04767406,-0.0564003,0.102746,-0.6831957,0.722971,0.5471019,4.131044,4.07721
509,-0.1347916,-0.4305977,0.1718388,-0.02299538,-0.1010889,-0.07485583,0.9917908,0.01570335,-0.4755751,0.440773,0.04260245,-0.06340337,0.174839,0.9816295,-0.01383415,0.04737663,-0.056283,0.08969272,-0.6939958,0.7143704,0.4515821,3.502776,3.379435
543,-0.1348759,-0.4313257,0.1714096,-0.02142045,-0.1010013,-0.07360396,0.9919286,0.01572171,-0.4761893,0.440505,0.04396537,-0.06402926,0.1754104,0.9814268,-0.01401904,0.04739761,-0.05628872,0.07959312,-0.7048663,0.7048607,0.3858392,3.488621,3.532251
563,-0.1347588,-0.4316694,0.1711559,-0.02096998,-0.1005131,-0.07272835,0.9920524,0.01594189,-0.476261,0.4404907,0.04468514,-0.0628491,0.1741262,0.9816992,-0.01399049,0.04753029,-0.0563345,0.07903624,-0.7032796,0.7065063,0.3814572,3.643776,3.536835
582,-0.1349096,-0.431785,0.1711025,-0.0207017,-0.1001298,-0.07294894,0.9920806,0.01609698,-0.4762319,0.4405451,0.04476143,-0.06141974,0.172942,0.9819955,-0.01388946,0.04766965,-0.0563221,0.08215721,-0.7008478,0.7085637,0.3934132,3.623423,3.574687
603,-0.1352106,-0.4317896,0.17103,-0.02077757,-0.1000907,-0.07262269,0.9921069,0.01621428,-0.4762986,0.440546,0.04518468,-0.06047593,0.1735654,0.9819247,-0.01365232,0.04784477,-0.05634308,0.08759922,-0.6939893,0.7146364,0.4217064,3.59856,4.265207
626,-0.1355216,-0.4316133,0.1710482,-0.02125886,-0.1002123,-0.07230537,0.9921076,0.01604632,-0.4763458,0.4405518,0.04594452,-0.06083756,0.1738309,0.9818202,-0.01313442,0.04810905,-0.05629539,0.08429491,-0.6948699,0.714178,0.4329744,3.561187,3.508902
660,-0.1358138,-0.4313945,0.1711502,-0.02135236,-0.1005557,-0.07251298,0.9920557,0.01562896,-0.4764004,0.4405661,0.04551559,-0.06140101,0.174006,0.981774,-0.0118655,0.04839921,-0.05646229,0.09619375,-0.6707315,0.7354359,0.5441432,3.895872,3.917223
684,-0.1360513,-0.4310645,0.1711521,-0.0217253,-0.1004056,-0.07198343,0.9921014,0.01502362,-0.4764526,0.4403324,0.04562499,-0.06282119,0.1761847,0.9812904,-0.01017916,0.04881346,-0.05653286,0.2305852,-0.6147848,0.7542348,0.5932969,3.717471,3.440403
707,-0.1361736,-0.4306605,0.1710739,-0.02236263,-0.1002309,-0.07162892,0.9921306,0.01464275,-0.476416,0.4401569,0.0454788,-0.0637053,0.1768164,0.9811265,-0.007868022,0.04937112,-0.05640411,0.3684314,-0.5435166,0.7542201,1.041522,3.750347,3.745952
730,-0.1361928,-0.4302856,0.1712303,-0.0232785,-0.1000026,-0.07080861,0.9921914,0.01437727,-0.4763196,0.4402981,0.04516507,-0.06337858,0.1750819,0.9814732,-0.005050004,0.04997706,-0.05636501,0.4804464,-0.5023787,0.718879,2,3.432411,3.820429
753,-0.136333,-0.4300175,0.1714458,-0.02442248,-0.09986375,-0.07006183,0.9922309,0.01414576,-0.4764079,0.4402313,0.04530707,-0.06352834,0.1756901,0.9813483,-0.001916766,0.05051434,-0.05652809,0.4949644,-0.4976979,0.7122549,0.7692698,3.472419,3.706961
776,-0.1364385,-0.4299157,0.1716146,-0.02513579,-0.09967251,-0.06988813,0.9922445,0.01401272,-0.476607,0.4401979,0.04633111,-0.06389872,0.1772106,0.981003,0.001340419,0.05091703,-0.05696774,0.4879516,-0.5041829,0.7125326,0.6335875,3.472941,3.512062
808,-0.1364692,-0.4302974,0.1717625,-0.02444977,-0.09956388,-0.06940707,0.9923064,0.01390556,-0.4766833,0.440135,0.04719844,-0.0632557,0.1766264,0.9811087,0.005903244,0.05135334,-0.05791759,0.5039093,-0.5069937,0.6993088,0.5527484,3.45378,3.494308
830,-0.1366417,-0.4305577,0.171855,-0.02367769,-0.09940609,-0.06894751,0.9923729,0.01393726,-0.4765189,0.4399643,0.04715564,-0.06201265,0.1745763,0.9815569,0.008983523,0.0515269,-0.05870724,0.4947596,-0.5081383,0.7049884,0.4890863,3.511822,3.627827
854,-0.1364972,-0.4306229,0.1719503,-0.02392679,-0.09892797,-0.06880776,0.9924245,0.01407281,-0.4764384,0.4399376,0.04711618,-0.06162946,0.174955,0.9815155,0.01192212,0.05165005,-0.05943012,0.4835516,-0.5096639,0.7116323,0.5019552,3.496544,3.56335
876,-0.1361745,-0.4307351,0.1721659,-0.02405349,-0.09795634,-0.06906272,0.9925001,0.01409474,-0.4763898,0.4398155,0.04702978,-0.06225678,0.17695,0.9811223,0.01466361,0.05166972,-0.06014824,0.4923027,-0.5086995,0.7063023,0.5064242,3.612501,3.679997
910,-0.1357032,-0.4308093,0.1724339,-0.02418624,-0.09676679,-0.06833406,0.992664,0.01435772,-0.4759368,0.4395437,0.04652099,-0.06074444,0.1757138,0.9814635,0.0185698,0.05133867,-0.06142235,0.5829028,-0.4776161,0.6573485,0.5556693,3.410703,3.541066
932,-0.1350728,-0.4310449,0.1724005,-0.02423716,-0.0960973,-0.06795699,0.9927536,0.01466218,-0.4758196,0.4393501,0.04704287,-0.06006722,0.1749508,0.9816166,0.02080324,0.05110538,-0.06217766,0.6043492,-0.4669476,0.6455401,0.4929198,3.435685,3.53502
955,-0.1347304,-0.4309036,0.1724262,-0.02485724,-0.09508299,-0.06785858,0.9928427,0.01509371,-0.4756727,0.4390907,0.04711986,-0.05970085,0.1744664,0.9817215,0.0227955,0.05074847,-0.06287289,0.6114802,-0.4622595,0.6421901,0.4819245,3.400614,3.497985
975,-0.1342551,-0.4307547,0.1725922,-0.02534579,-0.09416784,-0.06746374,0.9929445,0.01572624,-0.4754629,0.4390736,0.04736442,-0.05920256,0.1746159,0.9817133,0.02466255,0.0502454,-0.06351376,0.6149673,-0.461567,0.639352,0.4719054,3.389172,3.482458
1008,-0.1335901,-0.4306741,0.1729136,-0.02579676,-0.09252032,-0.06711753,0.9931112,0.01706448,-0.4752053,0.4391327,0.04814399,-0.05740104,0.174733,0.9817615,0.02691823,0.04946923,-0.06443214,0.6021177,-0.4651114,0.6489421,0.4240505,3.4233,3.467499
1032,-0.1333382,-0.4304218,0.1730661,-0.02607415,-0.09157253,-0.06700659,0.9931993,0.01816407,-0.4750372,0.4389858,0.04768416,-0.05566095,0.1749072,0.9818531,0.02813801,0.04900193,-0.06501293,0.5915443,-0.4678154,0.6566765,0.4331426,3.45961,3.460119
1053,-0.1331078,-0.4302504,0.1732817,-0.0265036,-0.09080379,-0.06707632,0.9932538,0.01926258,-0.4749546,0.439147,0.04735044,-0.05502831,0.1758911,0.9817292,0.02898481,0.04862332,-0.0652895,0.5842694,-0.4689114,0.6623831,0.4315496,3.465829,3.470782
1076,-0.1328145,-0.430075,0.1735277,-0.02684984,-0.08978652,-0.06744249,0.9933122,0.02003542,-0.4747635,0.4392147,0.04731724,-0.05563119,0.1775659,0.9813952,0.02942139,0.04839182,-0.06535244,0.5781004,-0.4691427,0.6676115,0.4368748,3.465475,3.462768
1110,-0.1324879,-0.4299456,0.174016,-0.02700117,-0.08867619,-0.067511,0.9934031,0.02141371,-0.4741968,0.4397335,0.04775864,-0.05262347,0.1729018,0.9823721,0.02936423,0.04800069,-0.06526852,0.5682708,-0.4698847,0.6754825,0.4389787,3.465771,3.451067
1132,-0.1320972,-0.4302518,0.1739998,-0.02646468,-0.08806549,-0.06771355,0.9934581,0.0225493,-0.4739116,0.4399242,0.0476445,-0.05063409,0.1707723,0.9828545,0.02902263,0.04780102,-0.06510544,0.5620016,-0.47136,0.6796867,0.4392842,3.46611,3.446918
1167,-0.1319232,-0.4304162,0.1742716,-0.02596943,-0.08730986,-0.06750111,0.9935523,0.02435651,-0.4734925,0.4401665,0.04704265,-0.04825749,0.168293,0.9834306,0.02802113,0.04755867,-0.06454372,0.5517642,-0.4725814,0.6871849,0.4405331,3.465213,3.43762
1185,-0.1318606,-0.4303236,0.1745329,-0.02586788,-0.08689126,-0.0678403,0.9935686,0.02517501,-0.4733093,0.4405384,0.04722005,-0.04681731,0.1660752,0.9838686,0.02735931,0.04743516,-0.06414223,0.5463197,-0.4726849,0.6914505,0.4414886,3.456279,3.430422
1204,-0.1319166,-0.4302518,0.1748667,-0.02568683,-0.0863501,-0.068168,0.993598,0.02603236,-0.4732641,0.4409103,0.04800778,-0.04558634,0.1622847,0.9845206,0.02677089,0.04717946,-0.06384468,0.5402523,-0.4728296,0.6961032,0.4423602,3.44841,3.429878
1226,-0.1318212,-0.4302481,0.1750669,-0.02539514,-0.08599272,-0.06793231,0.9936526,0.02732149,-0.4731923,0.4412231,0.04930916,-0.04429986,0.156648,0.9854276,0.02586582,0.04686809,-0.06327438,0.5336642,-0.4737293,0.7005591,0.4421531,3.443176,3.435258
1261,-0.1315206,-0.4303118,0.1753273,-0.02558361,-0.08507657,-0.0665678,0.993819,0.02992144,-0.4732878,0.4416676,0.04960398,-0.04050988,0.1524757,0.98623,0.02443391,0.04640353,-0.06247902,0.526421,-0.4755332,0.7048044,0.4505187,3.474453,3.470137
1282,-0.1315341,-0.4303211,0.17554,-0.02572781,-0.08491105,-0.06712047,0.9937923,0.03145114,-0.4734639,0.4419546,0.05024344,-0.03892877,0.1545351,0.9859408,0.02354458,0.04605675,-0.06207371,0.4736557,-0.4969153,0.7271351,0.5941356,3.644366,3.49099
1308,-0.1318149,-0.4303299,0.1756964,-0.02550696,-0.08558834,-0.06754611,0.993711,0.03319278,-0.4731822,0.442234,0.05055996,-0.036394,0.1520691,0.9864047,0.02232781,0.04560614,-0.06153297,0.2380992,-0.5917244,0.7701759,0.5252643,3.672713,3.430396
1329,-0.1320609,-0.4303135,0.1759071,-0.02545715,-0.0861334,-0.06711908,0.9936941,0.03496853,-0.4725559,0.4425783,0.04983004,-0.03366882,0.1475112,0.9872304,0.02131245,0.04525518,-0.06099892,0.04059976,-0.64801,0.7605491,0.7335242,4.35955,3.477744
1352,-0.1323107,-0.4303763,0.1761637,-0.02540672,-0.08628471,-0.06704266,0.9936875,0.03661028,-0.4718415,0.4429607,0.04913186,-0.03144423,0.1458153,0.9875906,0.02047119,0.04494691,-0.06057644,0.03626747,-0.6541896,0.7554606,0.4921287,3.862491,3.448209
1374,-0.1325328,-0.4302944,0.1764431,-0.02557737,-0.08659501,-0.06837919,0.993565,0.03810981,-0.4709758,0.4432688,0.0487543,-0.02996405,0.1458655,0.987648,0.01972902,0.044608,-0.06022263,0.02988364,-0.6639948,0.7471397,0.5221961,4.093566,3.448701
1408,-0.1329331,-0.4300826,0.1769638,-0.02599851,-0.08748553,-0.0697802,0.9933786,0.04018083,-0.4687803,0.4439392,0.04594112,-0.02774855,0.1388285,0.988861,0.0187149,0.04419112,-0.05953693,0.03283183,-0.6648042,0.7462959,0.5131469,4.095776,3.490996
1432,-0.1331724,-0.430071,0.1773548,-0.02616483,-0.0879315,-0.06972707,0.9933386,0.04130927,-0.4667518,0.4444485,0.04159321,-0.02754752,0.1328224,0.9898835,0.01800734,0.04388571,-0.05909443,0.030524,-0.6691467,0.7425033,0.5298179,4.04547,3.533965
1455,-0.133292,-0.4301186,0.1776991,-0.02559115,-0.08778547,-0.07009274,0.9933407,0.04260865,-0.4649147,0.4447184,0.03717669,-0.02740398,0.1309479,0.9903129,0.01760149,0.04362774,-0.05863571,0.03344874,-0.6676472,0.7437261,0.5038201,3.861967,3.550679
1476,-0.1331441,-0.4303372,0.177949,-0.02479929,-0.08749855,-0.070496,0.9933576,0.04403058,-0.4632506,0.444768,0.03414585,-0.02663324,0.1313637,0.990388,0.01707572,0.04325271,-0.05832577,0.0359209,-0.6691743,0.7422369,0.4929758,3.927648,3.55794
1509,-0.1328813,-0.4302783,0.1782379,-0.02367872,-0.08711738,-0.06967564,0.9934763,0.04666486,-0.4606354,0.4445152,0.03263177,-0.02391406,0.1325936,0.9903445,0.01623288,0.04303861,-0.05768299,0.04124686,-0.6642109,0.7464064,0.4359275,4.017698,3.56835
1532,-0.1325948,-0.4300979,0.1783361,-0.02395212,-0.08649305,-0.06929957,0.9935507,0.04856041,-0.4587028,0.4445124,0.03105688,-0.02292151,0.1310543,0.9906235,0.0156621,0.04292393,-0.05726147,0.04441907,-0.6587417,0.7510568,2,0,3.573301
1554,-0.132329,-0.4296573,0.1783991,-0.02540499,-0.08561644,-0.06984325,0.9935524,0.0501844,-0.4563471,0.4444904,0.02746614,-0.02420151,0.1301667,0.9908161,0.01501864,0.04282725,-0.05685711,0.04916048,-0.6608945,0.7488669,0.4502262,3.721153,3.578502
1577,-0.1319034,-0.4295076,0.1785431,-0.026315,-0.08507524,-0.07058334,0.9935229,0.05200532,-0.4534675,0.4444704,0.02174787,-0.02494992,0.1286096,0.9911429,0.01428896,0.04280114,-0.056427,0.04422,-0.6568868,0.7526914,0.4081292,3.636627,3.589769
1599,-0.1315418,-0.4296097,0.1787777,-0.02635935,-0.08457575,-0.07121421,0.9935194,0.05454746,-0.4508247,0.4443808,0.01656016,-0.02321436,0.1256768,0.9916614,0.01341289,0.04300666,-0.05584049,0.04597585,-0.6583949,0.7512671,2,0,3.611921
1632,-0.1306911,-0.4303319,0.1790571,-0.02507392,-0.08369246,-0.07127269,0.9936233,0.05980316,-0.4478637,0.4445791,0.01361881,-0.01802124,0.1212055,0.9923704,0.0118086,0.04306865,-0.05520058,0.04389588,-0.6589615,0.7508948,2,0,3.643476
1654,-0.1302659,-0.4306746,0.1792936,-0.02365031,-0.0831851,-0.07096781,0.9937226,0.06352654,-0.446471,0.4443998,0.01290086,-0.01421296,0.1215713,0.9923971,0.01050895,0.04299343,-0.05492401,0.036571,-0.653102,0.7563864,2,0,3.621788
1675,-0.1297975,-0.4306189,0.179677,-0.02315516,-0.08223913,-0.07079004,0.9938256,0.0675098,-0.4450587,0.4445744,0.01127076,-0.01060698,0.1195551,0.992707,0.009459585,0.04316962,-0.05453777,0.03153542,-0.6438762,0.7644796,2,0,3.693804
1709,-0.1286572,-0.4303483,0.1801996,-0.02397808,-0.07989832,-0.07116376,0.9939703,0.07332745,-0.4430195,0.444603,0.009182677,-0.006735229,0.1218596,0.9924821,0.007941872,0.04340768,-0.05407333,0.06699681,-0.6556731,0.7520667,0.5130837,3.866141,3.637188
1731,-0.1277231,-0.4301872,0.1803627,-0.02456297,-0.07853925,-0.07166109,0.9940287,0.07723847,-0.4415677,0.4444294,0.007887792,-0.003614153,0.1224444,0.9924375,0.007154614,0.04349589,-0.05388546,0.07714256,-0.6598636,0.7474149,0.5464494,3.98384,3.703858
1753,-0.1266786,-0.4300754,0.1803207,-0.02517753,-0.07727411,-0.0712797,0.9941399,0.08149257,-0.4400156,0.4442139,0.006123235,-7.190946E-05,0.1205125,0.9926929,0.006441057,0.04359984,-0.05379295,0.08407237,-0.6614519,0.7452604,0.5721543,3.91311,3.693685
1777,-0.1258033,-0.429657,0.1804676,-0.02617609,-0.07564816,-0.07030548,0.9943085,0.08587876,-0.4385599,0.4438534,0.004558737,0.002565176,0.1199374,0.9927677,0.005961865,0.04371035,-0.05369759,0.09293724,-0.6607376,0.7448412,0.5688252,3.99425,3.704902
1817,-0.1242574,-0.4296355,0.1808805,-0.0262075,-0.07323251,-0.07052223,0.9944732,0.09442702,-0.435756,0.4435968,0.001868755,0.01002156,0.12033,0.9926816,0.005257785,0.04370081,-0.05362988,0.1015883,-0.661032,0.743449,0.5842934,4.000446,3.676366
1827,-0.1239541,-0.4297268,0.1809626,-0.02596409,-0.072852,-0.07042217,0.9945146,0.09653869,-0.4350824,0.4434872,0.001028895,0.01228294,0.1202071,0.9926723,0.005187005,0.04368711,-0.05364609,0.1086594,-0.6596286,0.7436957,0.5370231,3.971421,3.672344
1855,-0.1232142,-0.4300854,0.1811724,-0.02551107,-0.07164756,-0.06944487,0.9946825,0.1013485,-0.4331263,0.4431114,-0.001795275,0.01777842,0.1182012,0.9928289,0.005097032,0.04360187,-0.05379963,0.1212682,-0.6542516,0.7464911,0.5163984,3.981307,3.670888
1882,-0.1219166,-0.4308742,0.181057,-0.02469941,-0.06978687,-0.06895597,0.9948692,0.1077055,-0.430428,0.4418755,-0.006393549,0.0231545,0.1153711,0.993032,0.005079359,0.04358888,-0.05393124,0.1275297,-0.6474079,0.7513981,0.5682153,4.452712,3.682231
1904,-0.1210333,-0.4314443,0.1811581,-0.02393712,-0.0685,-0.06900182,0.9949741,0.1114415,-0.4291027,0.4412031,-0.007016848,0.02563373,0.1162871,0.99286,0.005265206,0.04359567,-0.05405712,0.1363167,-0.639264,0.7568086,2,0,3.692983
1926,-0.1199479,-0.4321282,0.181097,-0.02326037,-0.06703827,-0.06865919,0.9951134,0.1149124,-0.4276966,0.4403229,-0.007677303,0.02849243,0.1172748,0.992661,0.005374938,0.04342866,-0.05438614,0.1507246,-0.629201,0.7624881,0.5123864,4.527668,3.685727
1962,-0.1178465,-0.4330485,0.1812763,-0.02184567,-0.06408349,-0.066833,0.9954644,0.1202597,-0.4246548,0.4388018,-0.01178867,0.03306905,0.1104915,0.9932569,0.005690455,0.04337239,-0.05479717,0.1606777,-0.6186839,0.7690338,0.5573457,4.238023,3.679094
1983,-0.1166874,-0.4334687,0.1814051,-0.02164193,-0.0624768,-0.06614748,0.9956168,0.123207,-0.4233931,0.4379263,-0.01397238,0.03488312,0.1085588,0.9933796,0.005723953,0.04333007,-0.05507469,0.1659464,-0.6205044,0.7664438,0.561614,4.236269,3.677772
2004,-0.1153544,-0.4337864,0.1814375,-0.02185161,-0.06045007,-0.06654251,0.995711,0.1257676,-0.422286,0.4369249,-0.01504454,0.0361616,0.1119369,0.9929432,0.005791247,0.0433234,-0.05539227,0.1712722,-0.6211774,0.7647251,0.5582948,4.21611,3.680697
2026,-0.1138447,-0.4341661,0.1815567,-0.02146499,-0.05856555,-0.06633026,0.9958462,0.1287257,-0.4212418,0.4358215,-0.01594558,0.03773122,0.114118,0.9926224,0.005837113,0.04320216,-0.05583572,0.1763272,-0.6213751,0.7634145,0.5617189,4.172602,3.679124
2061,-0.1116706,-0.4341701,0.1817961,-0.02086763,-0.05549759,-0.06447636,0.9961563,0.133774,-0.4201455,0.4339857,-0.01782917,0.04139156,0.1157248,0.9922584,0.00592193,0.04306006,-0.05669117,0.1817898,-0.6237224,0.7602125,0.5545525,4.063384,3.676644
2083,-0.110092,-0.4337842,0.1820507,-0.02159125,-0.05316133,-0.06367647,0.9963198,0.1368095,-0.4196738,0.4330511,-0.01759708,0.0433521,0.1156255,0.9921904,0.005924076,0.04308271,-0.05724144,0.1842234,-0.6244795,0.7590041,0.5511358,4.054626,3.666368
2105,-0.1085001,-0.4333421,0.1822815,-0.02307303,-0.05056285,-0.06356103,0.9964291,0.1398286,-0.4194813,0.4319935,-0.01719354,0.0450963,0.1138086,0.9923298,0.005804271,0.04307652,-0.05773544,0.1865638,-0.6252767,0.7577751,0.5456988,4.022268,3.641458
2127,-0.1069944,-0.4329278,0.1823997,-0.02426935,-0.04822043,-0.06344027,0.9965245,0.142625,-0.4193108,0.4306154,-0.01766268,0.04684933,0.1133966,0.9922875,0.00563252,0.04321432,-0.0582056,0.1885663,-0.6233692,0.7588501,0.5451676,4.045353,3.637624
2164,-0.1046149,-0.4326971,0.1824455,-0.02455238,-0.04570235,-0.06161526,0.9967508,0.1470024,-0.4191854,0.4284191,-0.01816504,0.04812801,0.1167015,0.9918339,0.005302638,0.0433445,-0.05913544,0.1910061,-0.6210504,0.7601403,0.5333238,4.045347,3.616156
2187,-0.1032771,-0.4326522,0.1825771,-0.02487841,-0.04363531,-0.06054902,0.9969006,0.1493751,-0.4191612,0.4267149,-0.019485,0.0492684,0.1161097,0.9918223,0.005052775,0.04343283,-0.05975819,0.1929395,-0.6184559,0.7617655,0.5303443,4.13119,3.613211
2208,-0.101749,-0.4326565,0.182663,-0.02552927,-0.04154532,-0.0602424,0.9969921,0.1521453,-0.4188232,0.4254246,-0.02042369,0.05133276,0.1173495,0.9915528,0.004825413,0.04354286,-0.06034184,0.1942686,-0.6171672,0.7624726,0.5305199,4.111279,3.611905
2230,-0.1001335,-0.4330357,0.1827068,-0.02530897,-0.03972813,-0.0601943,0.9970746,0.1548983,-0.4190032,0.4239168,-0.0206598,0.05397006,0.1182975,0.9912952,0.004609108,0.04356587,-0.06098557,0.1951369,-0.6178761,0.7616763,0.5291987,3.888277,3.603571
2253,-0.09859225,-0.4335618,0.1827869,-0.0242777,-0.03806489,-0.05941559,0.9972119,0.1578249,-0.4188298,0.4224701,-0.02162275,0.05833312,0.1163438,0.9912587,0.004317671,0.04345727,-0.06167603,0.1970766,-0.6191638,0.7601297,0.5061489,4.002404,3.598798
2277,-0.09720179,-0.4339714,0.1828785,-0.02393196,-0.03627567,-0.05777086,0.9973835,0.1607565,-0.4185927,0.4208174,-0.02328392,0.06333504,0.1146112,0.9911159,0.003897786,0.04323971,-0.06241512,0.1993444,-0.6189268,0.7597312,0.5239794,4.43144,3.699943
2310,-0.09504303,-0.4346287,0.1831665,-0.02309262,-0.03384995,-0.05659376,0.9975561,0.1645955,-0.4183438,0.4181614,-0.02537579,0.06902686,0.1116128,0.9910268,0.003095478,0.04260874,-0.06339073,0.2111806,-0.6220713,0.753943,0.4648018,3.599612,3.622374
2332,-0.09354565,-0.4351884,0.1833582,-0.02129743,-0.03257264,-0.05524409,0.9977142,0.1659681,-0.4181321,0.4165583,-0.02615906,0.06982627,0.1098131,0.9911514,0.002414286,0.04206002,-0.06398773,0.2239929,-0.6331094,0.7409451,0.3926622,3.532105,3.786744
2355,-0.0920485,-0.4354137,0.1838818,-0.01971894,-0.03037326,-0.05421729,0.9978724,0.1668757,-0.4177288,0.4147339,-0.02642122,0.0699354,0.1079772,0.9913384,0.001676351,0.04148829,-0.06455135,0.2284409,-0.6436513,0.7304298,0.4173619,3.73951,3.610146
2376,-0.09046683,-0.4352738,0.1847382,-0.01828844,-0.02804451,-0.05220194,0.9980752,0.1678282,-0.4171066,0.4128313,-0.02707324,0.07178611,0.1060347,0.9913983,0.0009226501,0.04079461,-0.06504536,0.2390554,-0.647859,0.7232782,0.4730245,4.192997,3.614337
2410,-0.08845147,-0.4341443,0.1864872,-0.0158604,-0.02847398,-0.04517361,0.9984474,0.1693355,-0.4150478,0.4097347,-0.03235716,0.07530348,0.1008144,0.9915235,-0.0001307726,0.03973877,-0.06565857,0.2474709,-0.6552066,0.7137664,0.4364459,3.756119,3.609727
2443,-0.08599898,-0.4317476,0.189662,-0.01375414,-0.02548452,-0.04310067,0.998651,0.1691991,-0.4126559,0.405879,-0.03924034,0.07185577,0.0982694,0.9917863,-0.0014157,0.03857875,-0.06631088,0.2472043,-0.6589918,0.7103659,0.441223,3.866329,3.628201
2463,-0.0844824,-0.4306221,0.1918507,-0.01036904,-0.02242729,-0.04668979,0.9986038,0.1688241,-0.41132,0.4033813,-0.04261846,0.06927872,0.09922241,0.9917354,-0.002073407,0.03781331,-0.06681252,0.2469963,-0.6580812,0.711282,0.4506409,4.067654,3.628024
2482,-0.08364877,-0.4292411,0.1944599,-0.008135847,-0.02148387,-0.04494772,0.9987252,0.1684529,-0.4097517,0.4007883,-0.04704568,0.06744973,0.09862088,0.9917213,-0.002735347,0.03708959,-0.06723499,0.247053,-0.6533145,0.715643,0.4570657,4.015409,3.630768
2505,-0.08347067,-0.4272552,0.1973276,-0.007206882,-0.02307755,-0.04096956,0.9988679,0.1684228,-0.4085678,0.3980303,-0.052098,0.0672167,0.09648601,0.9916946,-0.003393888,0.03632438,-0.06772518,0.2475189,-0.6505559,0.7179912,0.4667889,4.001399,3.62519
2527,-0.08314571,-0.425247,0.2001219,-0.0033034,-0.02396699,-0.04027126,0.9988959,0.1680578,-0.4080584,0.395277,-0.05398543,0.06389395,0.09952445,0.991513,-0.004060149,0.03560066,-0.06814194,0.2485178,-0.6494909,0.71861,0.4797554,4.011744,3.621274
2559,-0.08287618,-0.4216846,0.2037888,-0.002723058,-0.02727874,-0.03299814,0.9990794,0.1679987,-0.4077082,0.3914566,-0.05575778,0.05949823,0.1054999,0.9910706,-0.004831642,0.03457344,-0.06867886,0.2517817,-0.6448519,0.7216454,0.5006086,4.088555,3.643026
2598,-0.08256885,-0.4164397,0.2062521,-0.01453638,-0.02816108,-0.01734248,0.9993473,0.1708058,-0.4068893,0.3881741,-0.05903121,0.06476501,0.09958591,0.9911627,-0.00543198,0.03368044,-0.06942081,0.2538569,-0.6396902,0.725502,0.5108127,4.150177,3.668792
2620,-0.08167621,-0.4129888,0.207345,-0.02341259,-0.02621553,-0.01149399,0.999316,0.1730894,-0.4073592,0.3862305,-0.05738298,0.06925454,0.09377435,0.9915228,-0.005706787,0.03315389,-0.07004166,0.2561784,-0.6349078,0.728879,0.5166002,4.210612,3.674849
2642,-0.08024248,-0.409898,0.2079554,-0.03290153,-0.02394483,-0.005388113,0.9991572,0.1750502,-0.4073477,0.3842573,-0.05625383,0.07188565,0.08990902,0.9917582,-0.005952001,0.03286147,-0.07052326,0.2575474,-0.6331173,0.7299534,0.5286523,4.221809,3.691658
2666,-0.07864878,-0.4076053,0.2082767,-0.03833069,-0.02275737,-0.003208312,0.9990008,0.1768505,-0.4072971,0.3822641,-0.05675716,0.07466511,0.0858809,0.9918812,-0.00601989,0.03270555,-0.07109737,0.2601916,-0.6288397,0.732708,0.5423516,4.251023,3.701938
2687,-0.07731447,-0.4060658,0.2085848,-0.04000729,-0.02218934,-0.0002297395,0.998953,0.1784579,-0.4067146,0.3806515,-0.05904143,0.07714756,0.08368345,0.9917457,-0.005989045,0.03271806,-0.07153511,0.2671454,-0.6306099,0.7286732,0.4955402,3.901123,3.712248
2709,-0.07526216,-0.4044795,0.2089272,-0.04121508,-0.01908638,-0.00217819,0.9989656,0.1795591,-0.4057482,0.3791933,-0.06361849,0.07671338,0.0845203,0.9914253,-0.005984813,0.03271139,-0.07197952,0.2743705,-0.631317,0.7253687,0.4547538,3.899246,3.709659
2732,-0.07222173,-0.4033564,0.209053,-0.04312988,-0.01390987,-0.009369869,0.9989287,0.1803302,-0.404543,0.3777084,-0.06879714,0.07364227,0.08843054,0.9909712,-0.005857497,0.03272808,-0.07248592,0.2792706,-0.6310781,0.7237047,0.4412221,3.909379,3.710276
2754,-0.0690318,-0.4025093,0.2090559,-0.04367635,-0.009105599,-0.01752924,0.9988505,0.1812669,-0.4034278,0.3763018,-0.07282456,0.07119999,0.09393557,0.9903551,-0.005683899,0.03281891,-0.07298946,0.2824826,-0.6305864,0.7228861,0.4442082,3.91813,3.716133
2776,-0.06585345,-0.4020461,0.208704,-0.04387175,-0.004324837,-0.02252471,0.9987739,0.1825766,-0.4021915,0.3750429,-0.07556494,0.07193441,0.09855948,0.9896472,-0.005532354,0.03297448,-0.0733881,0.2862605,-0.6299879,0.7219212,0.4481342,3.941439,3.718737
2799,-0.06321284,-0.4017835,0.2078476,-0.04311764,0.0003783131,-0.01992835,0.9988712,0.1844834,-0.4013186,0.3739738,-0.07738726,0.07624605,0.1001978,0.9890188,-0.005325973,0.03294277,-0.07391548,0.2909814,-0.6280141,0.7217534,0.4549688,3.958477,3.720457
2832,-0.06065044,-0.4014558,0.2063961,-0.0421918,0.00142699,-0.005191014,0.999095,0.1874258,-0.4000728,0.3727083,-0.07891881,0.07935119,0.1003377,0.9886393,-0.004845738,0.03295147,-0.07480621,0.2968264,-0.6258777,0.7212289,0.464329,3.971611,3.730314
2855,-0.05935344,-0.4014668,0.205061,-0.04161226,0.0001199929,0.005220476,0.9991202,0.1890449,-0.3994224,0.3717651,-0.07988994,0.07937354,0.09937826,0.9886564,-0.004670858,0.03302765,-0.07538891,0.3001061,-0.624374,0.721175,0.4775348,4.065319,3.732026
2877,-0.05723426,-0.401437,0.2037792,-0.04180274,0.001332488,0.003402454,0.9991192,0.190221,-0.3990734,0.3708849,-0.08018165,0.07963535,0.1024755,0.9882955,-0.00443536,0.03305674,-0.07595253,0.3033782,-0.6232768,0.7207551,0.4876813,4.062532,3.733875
2911,-0.05443677,-0.4012771,0.2017241,-0.04160049,0.001473269,0.008048913,0.9991009,0.1923493,-0.3989809,0.3693914,-0.08030944,0.08044968,0.1059323,0.9878546,-0.004080057,0.03303027,-0.07682228,0.3065353,-0.6206952,0.7216464,0.5015621,4.046877,3.733921
2933,-0.05303404,-0.401724,0.1998796,-0.03987364,-0.0007130772,0.01737322,0.9990535,0.1934973,-0.3989125,0.3683958,-0.07991743,0.08044001,0.106091,0.9878701,-0.003924608,0.03314614,-0.07736015,0.3138194,-0.6199857,0.719121,0.497707,4.007524,3.726421
2954,-0.05137166,-0.40229,0.1980286,-0.03908145,-0.001906207,0.02215327,0.9989886,0.1946265,-0.3992209,0.3677206,-0.07893801,0.07967547,0.1062991,0.9879885,-0.003779143,0.03325355,-0.0777998,0.3251535,-0.6188254,0.7150736,0.4831133,4.006707,3.717194
2976,-0.0486401,-0.4032743,0.1959457,-0.03991299,-0.0003716112,0.02007914,0.9990014,0.1955611,-0.4000168,0.3668337,-0.07705475,0.07861586,0.1069587,0.9881508,-0.003739923,0.03335583,-0.07827282,0.3320654,-0.6174874,0.7130511,0.4729483,4.006732,3.716012
3010,-0.04421827,-0.4042722,0.1930485,-0.04331333,0.005460239,0.01593688,0.9989195,0.1969861,-0.4012288,0.3654356,-0.07308114,0.07899213,0.1074227,0.9883723,-0.003716826,0.03337646,-0.07888985,0.3369637,-0.6142337,0.7135631,0.4631434,3.980392,3.722142
3031,-0.04177985,-0.4045602,0.191577,-0.04720994,0.008638369,0.01786685,0.9986879,0.1983441,-0.4017203,0.3647947,-0.07294814,0.08125497,0.1067972,0.9882665,-0.003680408,0.03352416,-0.0790596,0.3386822,-0.6133899,0.7134754,0.4605888,3.977627,3.721796
3054,-0.03923187,-0.4049896,0.1901979,-0.05013213,0.01170055,0.01728795,0.9985244,0.1994857,-0.4023288,0.3642673,-0.07309677,0.08239406,0.1071025,0.9881281,-0.003653705,0.03359497,-0.07919693,0.3403614,-0.6122658,0.7136419,0.4607577,3.973814,3.7238
3087,-0.03585956,-0.4057047,0.1883945,-0.05309978,0.0177327,0.01143984,0.9983662,0.2010879,-0.4037875,0.3631287,-0.07133602,0.08101943,0.1090689,0.9881554,-0.003538311,0.03371036,-0.07944012,0.3428966,-0.6104977,0.713943,0.4622924,3.959902,3.727293
3106,-0.03403887,-0.4064069,0.1876583,-0.05159075,0.02048548,0.009602178,0.998412,0.2023899,-0.4043285,0.3624859,-0.0700175,0.0817241,0.1085621,0.9882475,-0.00350982,0.03384292,-0.07959938,0.3435933,-0.610298,0.7137787,0.4603722,3.955393,3.728919
3127,-0.03278741,-0.4073508,0.1874142,-0.04816911,0.02197047,0.009778223,0.9985497,0.2039391,-0.405089,0.3617163,-0.06853245,0.08455031,0.1089292,0.9880734,-0.003498524,0.03395081,-0.07969475,0.3438726,-0.6106618,0.7133329,0.4581904,3.953174,3.726851
3159,-0.03124091,-0.4082708,0.1873531,-0.04556313,0.02244685,0.008810695,0.9986704,0.2064771,-0.4059247,0.3606043,-0.06582871,0.08763924,0.110408,0.9878239,-0.003442258,0.03407454,-0.07988834,0.3443736,-0.610768,0.7130003,0.4619331,3.95351,3.722797
3182,-0.03075418,-0.4081299,0.187252,-0.04769747,0.02202932,0.006984431,0.9985945,0.2079481,-0.4065386,0.359664,-0.06473119,0.08835537,0.1099023,0.9878891,-0.003456265,0.0341934,-0.08005047,0.3446679,-0.6112489,0.7124457,0.4658833,3.956055,3.721289
3204,-0.03019032,-0.4076194,0.1873016,-0.05069934,0.02339124,0.001720848,0.9984385,0.2091135,-0.4067614,0.3587542,-0.06519894,0.08871581,0.1062695,0.9882234,-0.003451377,0.03436756,-0.08011055,0.345026,-0.6120539,0.7115806,0.468018,3.958937,3.720305
3229,-0.02940175,-0.4072245,0.1873808,-0.05301037,0.02565419,-0.002462789,0.9982614,0.2101654,-0.4073987,0.3581362,-0.06351268,0.08826771,0.1056055,0.9884444,-0.003557563,0.03457594,-0.08001804,0.3457193,-0.6125242,0.7108392,0.4699841,3.964613,3.719994
3252,-0.02871904,-0.4071159,0.1876984,-0.0530039,0.026644,-0.004374663,0.9982293,0.2109095,-0.4081024,0.3576555,-0.06136467,0.08830384,0.107003,0.9884266,-0.003712028,0.03474629,-0.08000183,0.3463079,-0.6126488,0.7104452,0.4729839,3.970381,3.720207
3274,-0.02812979,-0.4069953,0.1878729,-0.05300603,0.02742282,-0.006252861,0.998198,0.2117523,-0.4086555,0.3570251,-0.06044117,0.08906803,0.1084509,0.9882572,-0.003869414,0.03482008,-0.08000565,0.3471935,-0.612221,0.7103817,0.4755773,3.973508,3.723748
3308,-0.02745637,-0.4063475,0.1880627,-0.05434753,0.02833336,-0.002770043,0.9981162,0.21338,-0.4088117,0.3563728,-0.0593535,0.08945138,0.1091386,0.9882128,-0.003966182,0.03494668,-0.07981968,0.3477439,-0.6113991,0.7108201,0.4787541,3.976761,3.725864
3332,-0.02647051,-0.4064181,0.1880913,-0.05474418,0.02810031,-0.000223002,0.9981049,0.2143911,-0.4089833,0.3560371,-0.05840177,0.0895766,0.1093947,0.9882298,-0.004097641,0.03482139,-0.0798769,0.347891,-0.6112129,0.7109083,0.4806267,3.977645,3.724166
3354,-0.02614912,-0.4059861,0.1883469,-0.05512418,0.02925114,0.0002768213,0.9980509,0.2155472,-0.4088033,0.3557272,-0.058448,0.09087849,0.1087731,0.9881768,-0.004176646,0.0345974,-0.07993317,0.3479855,-0.6113123,0.7107767,0.4809528,3.977816,3.719509
3375,-0.02513286,-0.4061664,0.1886854,-0.05452213,0.03117219,0.0005513668,0.9980257,0.2167174,-0.4085507,0.3555946,-0.0585412,0.09240714,0.1093101,0.9879702,-0.004184663,0.03432846,-0.07988548,0.3478745,-0.6115295,0.7106441,0.4809225,3.977823,3.718488
3410,-0.0239521,-0.4066455,0.1893568,-0.05278295,0.03428987,0.004021144,0.998009,0.2180575,-0.4080024,0.3553658,-0.05906596,0.09305835,0.1088548,0.9879282,-0.004315943,0.03385377,-0.07992744,0.3478859,-0.611708,0.7104847,0.4793611,3.976491,3.715555
3432,-0.02265677,-0.4070923,0.1897087,-0.05217659,0.03578601,0.006259735,0.9979769,0.2187959,-0.4076216,0.3552437,-0.05982334,0.09282038,0.1067258,0.9881372,-0.004371524,0.0335772,-0.07992172,0.3497257,-0.612069,0.7092696,0.47966,3.983127,3.712483
3453,-0.02155861,-0.407212,0.190176,-0.05204012,0.03755665,0.007515172,0.9979103,0.2197069,-0.4069148,0.3552303,-0.06065536,0.09377133,0.10493,0.988189,-0.004362881,0.03352213,-0.07986069,0.3519626,-0.6120664,0.7081646,0.4755995,3.985136,3.711359
3475,-0.02041063,-0.4076602,0.1906195,-0.05211525,0.03936578,0.008333632,0.9978302,0.2205254,-0.4066997,0.3551064,-0.06054163,0.09511538,0.1058636,0.987968,-0.004379839,0.03344238,-0.0798111,0.3554496,-0.6122214,0.7062865,0.4666464,3.978381,3.708709
3509,-0.01817688,-0.4084764,0.1912575,-0.05186326,0.04034509,0.006434385,0.9978182,0.2216906,-0.4062649,0.3549843,-0.06034939,0.09604497,0.1063132,0.9878415,-0.004248351,0.03353143,-0.0796175,0.3587559,-0.6117917,0.7049859,0.4624916,3.971484,3.700641
3531,-0.01724717,-0.4083986,0.1918898,-0.05198693,0.04024002,0.00569933,0.9978204,0.2222947,-0.4058496,0.355094,-0.06045135,0.09659437,0.1052277,0.9878979,-0.00414291,0.03371155,-0.07927704,0.3608367,-0.6118969,0.7038317,0.4617423,3.974631,3.699405
3554,-0.01635823,-0.4080292,0.1922455,-0.05313276,0.04130386,0.006545582,0.9977114,0.2229055,-0.4059011,0.3549595,-0.06060281,0.09651104,0.1040219,0.9880245,-0.004070193,0.03373396,-0.07901764,0.3629058,-0.6115141,0.7031002,0.4616203,3.97573,3.697134
3583,-0.01493606,-0.4076743,0.1921453,-0.05593015,0.04477618,0.007770336,0.9973999,0.2237917,-0.4058645,0.3546534,-0.06048111,0.0965125,0.1042686,0.9880058,-0.004014879,0.03387904,-0.07862854,0.3655112,-0.6107047,0.7024539,0.4623925,3.976375,3.694551
3604,-0.01371142,-0.4076118,0.1922369,-0.05782457,0.04782783,0.005788422,0.9971637,0.2246129,-0.4060354,0.3546906,-0.05988055,0.09725346,0.1045645,0.9879385,-0.003893405,0.03397167,-0.07805443,0.3669742,-0.6105587,0.7018176,0.4627337,3.975081,3.693678
3626,-0.01280317,-0.4072579,0.192627,-0.05923354,0.04907683,0.004782644,0.9970256,0.2258624,-0.4061053,0.3546362,-0.05934179,0.0985522,0.1042719,0.9878732,-0.003719389,0.03397346,-0.0775032,0.3681749,-0.6107764,0.7009989,0.4630857,3.972873,3.694261
3659,-0.0108895,-0.4083563,0.1925468,-0.06036316,0.04922008,0.002964587,0.9969578,0.2276148,-0.4061867,0.3542976,-0.05917143,0.1008246,0.1030692,0.9877803,-0.0035519,0.03389251,-0.07687092,0.3697379,-0.6117015,0.6993677,0.463691,3.972925,3.693701
3683,-0.009651512,-0.4086756,0.1928978,-0.0605379,0.04907635,0.004482062,0.9969487,0.2288665,-0.4061085,0.3542042,-0.05924117,0.101815,0.1015219,0.9878348,-0.003480524,0.03381944,-0.07639885,0.3708138,-0.612149,0.6984058,0.4631722,3.974428,3.69486
3707,-0.008798569,-0.4091617,0.1931791,-0.06016161,0.05124488,0.004606629,0.9968618,0.2301234,-0.4061619,0.354126,-0.05921071,0.1035944,0.1000372,0.9878031,-0.00338158,0.03379154,-0.07563019,0.3718441,-0.6129286,0.6971732,0.4628772,3.971695,3.69556
3730,-0.007258266,-0.4096743,0.1934347,-0.05985985,0.05302966,0.004461111,0.9967873,0.2312125,-0.4063137,0.3539734,-0.05865882,0.1049536,0.09939655,0.9877572,-0.003369212,0.03369129,-0.07501411,0.3726891,-0.6135563,0.6961693,0.4625057,3.974505,3.707348
3752,-0.006955951,-0.4101083,0.1937075,-0.05883031,0.0541861,0.00332937,0.9967908,0.2323834,-0.4064432,0.3538361,-0.05834654,0.1063728,0.09827758,0.9877358,-0.00324145,0.03361428,-0.07442379,0.3734561,-0.614391,0.695021,0.4625452,3.975217,3.708548
3775,-0.006831378,-0.4105176,0.1940403,-0.05743733,0.0545167,0.003215785,0.9968544,0.233622,-0.4067065,0.3537617,-0.05798394,0.1082106,0.09835008,0.9875503,-0.003099144,0.03351033,-0.07371616,0.3740647,-0.6151899,0.6939862,0.4630682,3.98479,3.710889
3808,-0.006866783,-0.4109421,0.1944809,-0.05620395,0.05475986,0.005398076,0.9969019,0.2350129,-0.4074459,0.3536682,-0.05689391,0.1090234,0.1002921,0.987329,-0.002925366,0.03335929,-0.07256794,0.3757275,-0.6165042,0.6919187,0.4627399,3.997514,3.71255
3832,-0.006636351,-0.4111292,0.1946945,-0.05565009,0.05603005,0.00479203,0.9968655,0.2356979,-0.4078435,0.3535166,-0.05649152,0.1088884,0.1002471,0.9873716,-0.002875119,0.03329289,-0.07177544,0.3773613,-0.6173536,0.6902703,0.4618601,3.997218,3.712872
3854,-0.006485552,-0.4117891,0.1954956,-0.05470358,0.0574256,0.005914661,0.9968324,0.2364921,-0.4084464,0.3533783,-0.05567518,0.1087206,0.09983133,0.9874786,-0.002748698,0.03317666,-0.07107449,0.3786737,-0.6179234,0.6890406,0.4607339,3.997333,3.712944
3876,-0.005456775,-0.4126383,0.1957359,-0.05382504,0.05824376,0.00727085,0.9968238,0.2374744,-0.4088211,0.3533154,-0.05499248,0.1092341,0.09903236,0.9875406,-0.002654135,0.03314006,-0.07044983,0.3797356,-0.6188502,0.687623,0.4592658,3.997338,3.716927
3908,-0.003959984,-0.4135506,0.1962643,-0.05391175,0.05931146,0.006404812,0.9967621,0.2385074,-0.4094849,0.3531647,-0.05387679,0.1106265,0.09904779,0.9874455,-0.002685577,0.03311408,-0.06927013,0.3816262,-0.620077,0.6854676,0.4582632,4.000166,3.72138
3930,-0.003045648,-0.413923,0.1964636,-0.05452635,0.06023788,0.004084284,0.9966853,0.2390231,-0.4099395,0.3530769,-0.05301259,0.1108877,0.09987852,0.9873793,-0.002800226,0.03303742,-0.06851578,0.3832352,-0.6203001,0.6843673,0.4572949,3.997782,3.724025
3953,-0.002209753,-0.4142011,0.1966076,-0.05495184,0.06096853,0.002896124,0.9966217,0.2396096,-0.4102255,0.3530302,-0.05243651,0.1108443,0.100188,0.9873836,-0.002898782,0.03296435,-0.06790257,0.384381,-0.6202837,0.6837393,0.4567669,3.993942,3.723696
3977,-0.001671642,-0.4142585,0.1969957,-0.05505473,0.06187465,0.004849263,0.9965526,0.240333,-0.410435,0.3529377,-0.05244001,0.1114087,0.09992498,0.9873465,-0.003003091,0.03289044,-0.0673275,0.3855117,-0.620304,0.6830839,0.4560629,3.991856,3.719491
4009,-2.285838E-05,-0.4146568,0.197382,-0.05440804,0.06369781,0.006261678,0.9964653,0.2416996,-0.4104527,0.3529921,-0.05213975,0.113057,0.09978576,0.9871892,-0.003099054,0.03282571,-0.06648922,0.3866324,-0.6202108,0.6825349,0.4547433,3.981929,3.71812
4032,0.000764519,-0.4148724,0.1976986,-0.05425689,0.06518483,0.005506311,0.9963819,0.2426805,-0.4105769,0.3529034,-0.05182011,0.1143762,0.1001388,0.9870183,-0.003202528,0.03283286,-0.06595707,0.3879014,-0.6200802,0.6819333,0.4534596,3.974436,3.715482
4054,0.001002818,-0.4145825,0.198266,-0.05460944,0.06620505,0.005740025,0.996294,0.2435364,-0.4103969,0.3529949,-0.05162235,0.1155607,0.1001429,0.9868903,-0.003264278,0.03284979,-0.06550121,0.388862,-0.6194591,0.6819507,0.4526029,3.972058,3.713731
4075,0.001692683,-0.4144479,0.1987114,-0.05547173,0.06710141,0.005464236,0.996188,0.2442893,-0.4102753,0.3532562,-0.05123038,0.1163363,0.09958544,0.986876,-0.003278375,0.0329206,-0.0650053,0.3896511,-0.6191698,0.6817631,0.4514362,3.962053,3.711026
4108,0.00263527,-0.4145888,0.1992159,-0.05555048,0.06827588,0.006215527,0.9960994,0.2451088,-0.4101351,0.3532448,-0.0512111,0.1171822,0.09810694,0.9869249,-0.003419667,0.03304982,-0.06437874,0.3915004,-0.6184723,0.6813366,0.4499408,3.951289,3.709733
4131,0.003355652,-0.414986,0.1995468,-0.05450168,0.06886157,0.006943051,0.9961122,0.2453853,-0.4099991,0.3532562,-0.05135927,0.1176421,0.09800296,0.9868729,-0.003502309,0.03311551,-0.06406403,0.3937342,-0.6182674,0.6802344,0.4521301,3.97295,3.713631
4153,0.003957897,-0.4151717,0.199996,-0.0536455,0.06928062,0.007127231,0.9961283,0.245845,-0.409688,0.3533821,-0.0516894,0.1179704,0.09733137,0.9868829,-0.003485888,0.03320563,-0.06370831,0.3991753,-0.617488,0.6777667,0.4542297,4.003018,3.713169
4176,0.004481941,-0.4151473,0.2005329,-0.05351748,0.07014675,0.007620536,0.9960709,0.2463221,-0.4094247,0.3536949,-0.05159419,0.1181557,0.09774835,0.9868245,-0.003490567,0.03331637,-0.06331825,0.4047444,-0.6166987,0.6751775,0.4583093,4.018042,3.718168
4204,0.005152017,-0.4149702,0.2009773,-0.05456831,0.07172021,0.004017758,0.9959229,0.2467317,-0.4092447,0.3539057,-0.05158506,0.1183743,0.09832479,0.9867415,-0.003609061,0.0333972,-0.06293011,0.4088542,-0.6159788,0.673356,0.4620246,4.055088,3.720496
4227,0.005502731,-0.4148706,0.2013378,-0.05520249,0.07225261,0.004738355,0.9958463,0.2473077,-0.4088037,0.3540268,-0.05178888,0.1194243,0.09743204,0.9866928,-0.003607422,0.03342175,-0.06260204,0.4108262,-0.6153415,0.6727382,0.4647385,4.0684,3.716774
4260,0.006326586,-0.4149804,0.2017622,-0.05555375,0.07276627,0.004083312,0.9957923,0.2481872,-0.408435,0.3541861,-0.05162872,0.1199163,0.09742241,0.9866425,-0.003692001,0.0336082,-0.06215668,0.4126983,-0.6145922,0.6722772,0.4655683,4.072742,3.715955
4282,0.006544977,-0.4148233,0.2021904,-0.05587021,0.07327354,0.004342702,0.9957362,0.2485954,-0.408345,0.3543329,-0.05190063,0.1199743,0.09753481,0.9866101,-0.003722668,0.0335927,-0.06182671,0.4136016,-0.6144518,0.6718502,0.4652722,4.082694,3.716944
4306,0.007150561,-0.4147455,0.2024479,-0.05563257,0.07392779,0.006683498,0.9956883,0.2493605,-0.4079893,0.3544559,-0.05211182,0.1205818,0.09808428,0.9864704,-0.003697187,0.0335747,-0.06153011,0.4142933,-0.6137145,0.6720979,0.4654692,4.092093,3.721682
4330,0.008072525,-0.4151058,0.2026987,-0.05513662,0.07478227,0.008124921,0.9956413,0.2498006,-0.4079777,0.3546648,-0.0517587,0.1207706,0.09863662,0.9864109,-0.003762186,0.03356814,-0.06128788,0.4147931,-0.6137619,0.6717463,0.4660467,4.039614,3.721528
4353,0.008414298,-0.4150151,0.2028427,-0.05559982,0.07590688,0.007086272,0.9955384,0.2502901,-0.4076909,0.3546877,-0.05192992,0.1216322,0.09780215,0.9863791,-0.003838837,0.03356957,-0.06109619,0.4152056,-0.6142414,0.6710528,0.4661488,4.015652,3.721052
4375,0.008715063,-0.4149117,0.2030106,-0.05603162,0.07653944,0.006130308,0.9954721,0.2509028,-0.4073581,0.3547249,-0.05226953,0.1226985,0.09745174,0.9862638,-0.003819317,0.03360069,-0.06081104,0.4153795,-0.6151654,0.6700981,0.4659541,4.010198,3.719966
4408,0.008369356,-0.4148076,0.2031422,-0.05561786,0.07677922,0.006116473,0.9954769,0.2515687,-0.4070677,0.3545732,-0.05255638,0.1228679,0.09744866,0.9862278,-0.003831655,0.03354716,-0.06053638,0.4155045,-0.6161317,0.6691321,0.4652582,4.000327,3.721942
4430,0.00790897,-0.4148773,0.203371,-0.05395308,0.07672288,0.007587568,0.9955627,0.2519638,-0.4069498,0.3546438,-0.05252929,0.1229009,0.09789773,0.9861805,-0.003835887,0.03350472,-0.0602808,0.4155099,-0.6169612,0.668364,0.4645092,3.989985,3.726047
4453,0.00777331,-0.4150399,0.2035208,-0.05333882,0.07669692,0.00834803,0.9955918,0.2525777,-0.4068347,0.3546276,-0.05243944,0.1233468,0.09822057,0.9860976,-0.003773659,0.03342295,-0.06007957,0.4159204,-0.6173853,0.6677166,0.4623742,4.042721,3.732837
4476,0.007703215,-0.4151092,0.2035589,-0.05314125,0.07659417,0.008839206,0.995606,0.2532901,-0.4067571,0.3544445,-0.05242123,0.1243113,0.09715606,0.9860829,-0.003692061,0.0333637,-0.05991554,0.4163173,-0.6178395,0.6670491,0.4613547,4.053846,3.735765
4510,0.007598311,-0.4150847,0.2038012,-0.05292045,0.07697149,0.007834276,0.9955971,0.2539803,-0.4066883,0.3543005,-0.05237186,0.1253389,0.09678699,0.9859917,-0.00354293,0.0332514,-0.05970097,0.4167352,-0.6182197,0.6664354,0.4608455,4.087978,3.740521
4532,0.007494837,-0.4149563,0.2040291,-0.05281621,0.07717771,0.007566586,0.9955887,0.2542676,-0.4067891,0.3542414,-0.05218878,0.1258867,0.09688555,0.9859219,-0.003393829,0.03321528,-0.05948925,0.4168838,-0.6181831,0.6663765,0.4613392,4.084912,3.743903
4555,0.007234484,-0.4148827,0.2041178,-0.05270535,0.07685202,0.007606964,0.9956195,0.2548508,-0.4070284,0.3540649,-0.05168784,0.1258201,0.09689756,0.9859557,-0.003230423,0.03324521,-0.05928421,0.4172623,-0.6180434,0.6662691,0.4615498,4.074547,3.74737
4575,0.007137448,-0.414927,0.2041225,-0.05216514,0.07638637,0.007778133,0.9956824,0.2551931,-0.4070386,0.3538752,-0.05159644,0.1261742,0.09706137,0.9858991,-0.003021598,0.03331375,-0.05903244,0.4179769,-0.617179,0.6666224,0.4612296,4.064267,3.762796
4609,0.006922156,-0.414579,0.2043457,-0.05125264,0.07623252,0.008521136,0.9957355,0.2556519,-0.407125,0.3535967,-0.05103244,0.1270471,0.095949,0.9859252,-0.002719283,0.03345621,-0.05866718,0.4193223,-0.6156974,0.6671472,0.4602183,3.968539,3.764365
4631,0.007149369,-0.4143437,0.2041769,-0.05199715,0.07700939,0.008197743,0.9956399,0.2558924,-0.4071513,0.3532238,-0.0514009,0.1272402,0.09522495,0.9859514,-0.002524346,0.03356755,-0.0584898,0.4197856,-0.614872,0.667617,0.459757,3.972402,3.764981
4654,0.007251769,-0.4140886,0.2040272,-0.05317972,0.07786738,0.007310017,0.9955176,0.2561196,-0.4069718,0.3528805,-0.05200917,0.1273398,0.09554335,0.9858758,-0.00227493,0.03368652,-0.05824089,0.4204246,-0.6136599,0.6683298,0.458737,3.979496,3.765189
4675,0.007484466,-0.4139847,0.2038841,-0.0535582,0.07822477,0.006579086,0.9954743,0.2564067,-0.4070523,0.3525362,-0.05194975,0.1272295,0.0960138,0.9858475,-0.002059996,0.03369522,-0.05809593,0.4208713,-0.6129121,0.6687348,0.4580748,3.993865,3.763122
4708,0.007908255,-0.4144449,0.2037563,-0.05230749,0.07835288,0.006354031,0.9955322,0.2564835,-0.4070922,0.3516674,-0.05203644,0.1270584,0.09556933,0.9859082,-0.001915872,0.03337157,-0.05775928,0.4207202,-0.613107,0.6686512,0.4611136,4.044456,3.759775
4730,0.007705718,-0.4144831,0.2040443,-0.05130494,0.07829314,0.006497372,0.9955882,0.2562715,-0.4071357,0.3513002,-0.05240671,0.1267569,0.09497751,0.9859846,-0.001773983,0.03319931,-0.05773544,0.4200444,-0.6144288,0.6678623,0.4641907,4.026295,3.759813
4753,0.007837683,-0.4147444,0.204567,-0.04996386,0.07815022,0.007232187,0.9956625,0.2559015,-0.4071256,0.3509436,-0.05292137,0.1262061,0.09441312,0.9860819,-0.001595169,0.03308153,-0.05763054,0.4197065,-0.6156703,0.6669308,0.4658895,4.012002,3.762245
4777,0.007876903,-0.4148325,0.2052717,-0.04930277,0.07679339,0.006941911,0.9958031,0.2557203,-0.4073927,0.3504877,-0.05271175,0.1255884,0.09528784,0.9860879,-0.001456171,0.03278613,-0.05755424,0.4188212,-0.6175216,0.6657746,0.4650213,4.00605,3.764302
4818,0.008288771,-0.4138761,0.207963,-0.04999777,0.06964882,0.002790095,0.996314,0.2554556,-0.4072254,0.3492479,-0.05292906,0.1272303,0.09413723,0.9859763,-0.001627773,0.0317719,-0.05741787,0.4165977,-0.620577,0.6643272,0.4606712,3.982965,3.754742
4827,0.008497864,-0.4135838,0.209115,-0.04867927,0.06594355,0.002814516,0.9966313,0.2554299,-0.4068487,0.3490057,-0.0539573,0.1288066,0.09303875,0.9858201,-0.001763314,0.03136384,-0.05734444,0.4158886,-0.6213717,0.6640285,0.4592174,3.978752,3.753808
4849,0.009006768,-0.4129654,0.2120361,-0.04558389,0.05908182,0.003178678,0.9972068,0.255108,-0.4055477,0.3482656,-0.05645514,0.1314386,0.08972029,0.9856404,-0.002271444,0.03030217,-0.0571003,0.4135676,-0.6243819,0.6626531,0.4576498,3.979581,3.756613
4882,0.01075974,-0.4099529,0.2176256,-0.04439341,0.05727797,0.001180922,0.9973701,0.253647,-0.401793,0.3458624,-0.05793467,0.1323844,0.08841814,0.9855456,-0.003492028,0.02795279,-0.05666065,0.4069979,-0.6310714,0.6603799,0.4557148,3.983732,3.764062
4904,0.01214734,-0.4064667,0.2211227,-0.04638963,0.0593325,0.001395534,0.9971588,0.2520863,-0.3968436,0.3425055,-0.06346411,0.1335537,0.08561535,0.9852948,-0.004723817,0.02626097,-0.05659389,0.4007106,-0.6382082,0.6573593,0.4533987,3.987613,3.772782
4928,0.01263919,-0.4003329,0.2252903,-0.05260772,0.05897635,0.009994449,0.9968221,0.2509901,-0.3900559,0.3374939,-0.07726555,0.1404534,0.07278922,0.9843804,-0.006420135,0.02468252,-0.05644608,0.3942631,-0.6454971,0.6541331,0.4500796,3.95585,3.752905
4953,0.01180902,-0.3931675,0.2301779,-0.06202745,0.05329056,0.02013569,0.9964473,0.2502212,-0.3838346,0.3318081,-0.09075382,0.1484459,0.05071236,0.9834408,-0.007956475,0.02334666,-0.05573463,0.3909932,-0.6463515,0.6552513,0.4350817,3.915934,3.733567
4975,0.01097849,-0.3865807,0.2338877,-0.07163549,0.04616173,0.02351561,0.9960846,0.2485444,-0.3795805,0.3266582,-0.09741173,0.1504366,0.04044393,0.9829772,-0.009225428,0.0221678,-0.05481815,0.3896897,-0.6415693,0.6607047,0.4321548,4.033895,3.751887
5008,0.01318696,-0.3766993,0.2374153,-0.09307694,0.04685185,-3.32249E-05,0.994556,0.2442748,-0.3747034,0.3178825,-0.1071436,0.1482022,0.05327397,0.9816915,-0.01123291,0.02039993,-0.05370903,0.3068008,-0.686529,0.659205,0.4492943,3.774858,3.778309
5031,0.01689377,-0.3720875,0.2393942,-0.1022042,0.05686706,-0.01927039,0.9929497,0.2418222,-0.3721358,0.3123713,-0.1151947,0.1508872,0.05912019,0.9800347,-0.01267594,0.01946628,-0.05328751,0.2381372,-0.7173176,0.6547871,0.4701555,4.239313,3.750344
5053,0.02007106,-0.3705937,0.2422285,-0.1012028,0.0674346,-0.03863589,0.9918255,0.2395441,-0.3712045,0.3071899,-0.120022,0.1558922,0.0596453,0.9786392,-0.01405734,0.01853418,-0.05294228,0.2336676,-0.7153412,0.6585487,0.5488342,4.280692,3.939244
5076,0.02154246,-0.369516,0.2457924,-0.09359916,0.06536172,-0.05122433,0.9921407,0.2371823,-0.3720248,0.3023701,-0.1179919,0.1589715,0.05775461,0.9785042,-0.01527524,0.0176487,-0.05274391,0.2310485,-0.7129198,0.662089,0.5459999,4.36844,3.883461
5109,0.02181688,-0.3679045,0.2506905,-0.08154381,0.05950993,-0.02022637,0.9946859,0.2338857,-0.3744751,0.2960682,-0.1118455,0.1568357,0.04443922,0.9802644,-0.01696387,0.01679111,-0.05282116,0.2277519,-0.7148349,0.6611657,0.5118889,4.01945,3.81735
5130,0.02254573,-0.3658751,0.2535219,-0.08215873,0.0615749,-0.009284391,0.994672,0.2314385,-0.3759465,0.291996,-0.1107668,0.1553549,0.0389752,0.980855,-0.01783431,0.01655722,-0.05285645,0.2305411,-0.7176374,0.6571509,0.426543,3.751536,3.719838
5153,0.02477327,-0.3627418,0.2556124,-0.09429538,0.06429452,-0.01909886,0.9932824,0.229556,-0.3768054,0.2883501,-0.1134697,0.1541439,0.03728591,0.9808028,-0.01847681,0.01651657,-0.0527544,0.2361605,-0.7197472,0.6528339,0.3561271,3.806101,3.899152
5175,0.02640548,-0.3585173,0.2573919,-0.1099914,0.06180799,-0.03192196,0.9914952,0.2276119,-0.3770955,0.2848234,-0.1157038,0.1518001,0.03873518,0.9808512,-0.01900643,0.01666033,-0.05268574,0.196301,-0.7425572,0.6403708,0.3350281,4.13975,3.848242
5208,0.02822366,-0.3517374,0.2587252,-0.1329094,0.06002684,-0.04282137,0.9883816,0.2255725,-0.3773162,0.2801657,-0.1186268,0.1482894,0.04102296,0.980946,-0.01943919,0.0169934,-0.0526495,0.1460503,-0.73963,0.6569755,0.2950008,4.099286,3.847179
5231,0.03065017,-0.3474499,0.2589321,-0.1472358,0.06321039,-0.04678473,0.9859703,0.2254118,-0.3773631,0.2776632,-0.1180391,0.1499307,0.03932344,0.980837,-0.01956788,0.01735854,-0.05263996,0.1552907,-0.736373,0.6585132,0.3353383,4.176208,3.8542
5253,0.03446606,-0.3441517,0.2578678,-0.1602257,0.0711569,-0.04656009,0.9834107,0.2250821,-0.3771255,0.2753954,-0.1174184,0.1510219,0.03769838,0.980808,-0.01952025,0.01750457,-0.05284119,0.1604842,-0.7342139,0.6596776,0.313064,4.233073,3.872891
5276,0.03648654,-0.340516,0.2568922,-0.1695339,0.07906751,-0.04537443,0.981299,0.2254881,-0.3756599,0.2730894,-0.1192815,0.1527205,0.03599342,0.9803841,-0.01929072,0.01763415,-0.05326748,0.162888,-0.7319281,0.661626,0.3395153,4.264056,3.848455
5299,0.03837088,-0.3379062,0.2557316,-0.1748572,0.08357815,-0.0461646,0.9799533,0.2260055,-0.3732395,0.2710247,-0.126672,0.1578537,0.03494097,0.9786806,-0.01879582,0.01785934,-0.05362129,0.1663653,-0.7295967,0.6633335,0.3635409,4.267656,3.857558
5333,0.04095712,-0.3361434,0.2540751,-0.1743259,0.08783907,-0.04529895,0.9797156,0.2267605,-0.3704239,0.2689381,-0.1326415,0.1630282,0.03374665,0.977082,-0.01741487,0.0182997,-0.0539608,0.1844347,-0.7300378,0.6580491,0.3215158,4.375294,3.945828
5356,0.04273763,-0.3360445,0.2528782,-0.1714626,0.09133233,-0.04348085,0.9799839,0.2264635,-0.3686051,0.2679338,-0.1337751,0.1619782,0.03299631,0.9771277,-0.01607779,0.01866508,-0.05422306,0.2735385,-0.7246807,0.632467,0.497288,3.791592,4.03081
5376,0.04494253,-0.3364093,0.2513733,-0.1693416,0.09577508,-0.04434077,0.97989,0.225872,-0.3669159,0.2668505,-0.1356524,0.1603955,0.03354242,0.9771114,-0.0145928,0.01899171,-0.05469227,0.3895354,-0.6946514,0.6047491,0.285908,3.867582,3.657561
5421,0.04993096,-0.3385983,0.2485199,-0.164132,0.104703,-0.04000447,0.9800498,0.2249261,-0.3624827,0.2643604,-0.1402398,0.1606637,0.02621813,0.9766436,-0.01107368,0.01986432,-0.0559063,0.4784826,-0.6552372,0.5845671,0.4129269,3.911664,3.78954
5440,0.04215851,-0.3343363,0.2494831,-0.1596123,0.1068437,-0.03494799,0.9807584,0.2243823,-0.3605196,0.2634096,-0.142362,0.1597442,0.02358114,0.9765546,-0.009562939,0.0203222,-0.05644512,0.4764472,-0.6534594,0.5882081,0.4009716,3.976756,3.759949
5461,0.04460338,-0.33724,0.2489357,-0.1533298,0.1081837,-0.03045837,0.981763,0.2236389,-0.3584887,0.2621593,-0.144869,0.1588696,0.02176452,0.9763708,-0.007926702,0.02083313,-0.05699825,0.4792063,-0.6424451,0.598018,0.3927157,4.07621,3.752509
5482,0.04643968,-0.3408724,0.2485828,-0.1445106,0.1076119,-0.02885076,0.9832111,0.2231921,-0.3566986,0.260807,-0.1469025,0.1593671,0.02096563,0.9760032,-0.006210625,0.0215385,-0.05757809,0.4844915,-0.6387217,0.5977479,0.4032182,4.111695,3.731202
5504,0.04776207,-0.3444194,0.248106,-0.1355464,0.1061145,-0.02677555,0.9847081,0.2227534,-0.3551379,0.2593927,-0.1492779,0.1597043,0.01973874,0.9756132,-0.004403681,0.02243328,-0.05808735,0.4875797,-0.6340836,0.60017,0.4031611,4.106429,3.735075
5527,0.04872015,-0.348302,0.2472925,-0.1252719,0.1040596,-0.02267627,0.9863896,0.2225901,-0.3536415,0.2579775,-0.1516252,0.1593706,0.0182408,0.9753349,-0.0024589,0.02367401,-0.05866241,0.4773434,-0.6318689,0.610643,0.4164252,4.096918,3.667924
5551,0.04936102,-0.3532417,0.2459326,-0.1084551,0.1031806,-0.0134196,0.9886411,0.2223507,-0.3525839,0.256403,-0.1531956,0.1590922,0.01926593,0.9751152,-0.0002734065,0.02520788,-0.05938244,0.4706609,-0.6287801,0.6189619,0.4071103,3.998983,3.626658
5575,0.05042568,-0.3599842,0.244441,-0.08220029,0.1057096,0.003033594,0.9909891,0.2223937,-0.3518676,0.2548523,-0.1545491,0.1588461,0.01942411,0.9749386,0.002049893,0.02687562,-0.05997276,0.5005553,-0.6085207,0.6157491,0.4163531,4.227511,3.914088
5609,0.05425742,-0.3698388,0.2413692,-0.04883503,0.1130638,-0.0005837506,0.9923868,0.2229725,-0.3517467,0.252902,-0.1551822,0.1576392,0.01728807,0.9750741,0.005137861,0.02904153,-0.06126404,0.5977343,-0.5239928,0.6067497,0.5476192,3.73247,3.782167
5632,0.05657306,-0.3735853,0.2392883,-0.0378993,0.1202818,0.0026712,0.9920125,0.2235774,-0.3523337,0.2517471,-0.1538872,0.1584944,0.01765946,0.9751341,0.006926656,0.03023624,-0.06218529,0.6292921,-0.4767539,0.6137567,0.5544892,3.729913,3.658805
5653,0.05857208,-0.3760124,0.2375546,-0.03334241,0.1260735,0.01061696,0.9914036,0.2244343,-0.3532193,0.2507324,-0.1518287,0.1606228,0.019134,0.9750807,0.008483946,0.03114724,-0.06320381,0.6217228,-0.495015,0.606977,0.4837439,3.751287,3.565693
5677,0.06048086,-0.3766946,0.2362423,-0.03782467,0.1312811,0.01087425,0.9905636,0.2253517,-0.3540869,0.2497625,-0.1499982,0.1621772,0.02067351,0.9750752,0.009884149,0.03181493,-0.06425667,0.6189234,-0.5006483,0.6052148,0.4517415,3.700067,3.545693
5709,0.06356874,-0.3768574,0.2349606,-0.04928265,0.1348014,-0.008965128,0.9896057,0.2273673,-0.3553727,0.2480917,-0.1486593,0.1659331,0.01946194,0.9746732,0.01174757,0.03235531,-0.06572914,0.6110289,-0.5061781,0.6086274,0.4450137,3.700178,3.567644
5731,0.06476536,-0.3760808,0.2346611,-0.05679832,0.132304,-0.01957853,0.9893869,0.228609,-0.3563604,0.247056,-0.1472468,0.169088,0.01789992,0.9743753,0.01272851,0.03238773,-0.06655216,0.6018665,-0.5126095,0.6123628,0.4606979,3.64117,3.55868
5753,0.06582728,-0.3754117,0.2343731,-0.06093449,0.1300332,-0.02304026,0.9893672,0.229767,-0.3574458,0.2459583,-0.145392,0.1714285,0.01715748,0.9742582,0.01357442,0.03222322,-0.0672121,0.5956958,-0.5188056,0.613178,0.4568088,3.629062,3.536753
5775,0.0669581,-0.3746582,0.2341242,-0.06170175,0.1287615,-0.0205011,0.9895419,0.2307412,-0.3584208,0.2449551,-0.1441482,0.1716821,0.016897,0.974403,0.01443112,0.03204608,-0.06774616,0.5902517,-0.5230547,0.6148307,0.4488996,3.625264,3.544365
5808,0.06897894,-0.3743623,0.2330189,-0.06071979,0.1306786,-0.01766083,0.989406,0.2317423,-0.3596678,0.2434464,-0.1425017,0.1719601,0.01783915,0.9745793,0.01531294,0.03169382,-0.06839371,0.5857586,-0.5262845,0.6163696,0.4507589,3.624707,3.552115
5831,0.07053843,-0.3742392,0.2319479,-0.06065246,0.132611,-0.01767456,0.9891528,0.2324857,-0.3602737,0.2424116,-0.1417055,0.1724017,0.01624981,0.9746451,0.0157811,0.03144956,-0.06876278,0.5815237,-0.5276518,0.6192042,0.4533251,3.623477,3.55185
5854,0.07219139,-0.3740344,0.2304859,-0.06151289,0.1351619,-0.01827072,0.9887435,0.2336377,-0.3608192,0.241394,-0.1404798,0.1737925,0.01395452,0.9746112,0.01620221,0.03118837,-0.06892395,0.5784089,-0.5284805,0.621411,0.4547103,3.630563,3.562158
5884,0.07471076,-0.3735229,0.2282696,-0.06560693,0.1417669,-0.0210502,0.9874992,0.2351445,-0.3613026,0.2402878,-0.1394628,0.1763042,0.01129841,0.9743404,0.01649261,0.0309062,-0.06906796,0.572238,-0.5307659,0.6251651,0.448723,3.64567,3.528486
5906,0.07659045,-0.3731462,0.2265186,-0.06950829,0.1479167,-0.02355507,0.9862731,0.2362689,-0.3617843,0.2396069,-0.1385183,0.1785975,0.01134202,0.974057,0.01658234,0.03070152,-0.06912613,0.5692215,-0.5304693,0.6281635,0.4539716,3.668502,3.547357
5929,0.07869282,-0.3731482,0.2250166,-0.07195874,0.1536344,-0.02475897,0.9851931,0.2376193,-0.3619816,0.2388706,-0.1383881,0.1808468,0.01140551,0.9736596,0.01674378,0.03053319,-0.06917667,0.5671959,-0.5306953,0.6298026,0.4577857,3.675343,3.541756
5951,0.08026162,-0.3736392,0.223917,-0.0709217,0.1572761,-0.02498149,0.9846879,0.2389649,-0.3619686,0.2380133,-0.1384378,0.1833441,0.009525081,0.9732057,0.01676467,0.03034043,-0.06916046,0.565274,-0.5309258,0.6313344,0.4611835,3.682308,3.535026
5975,0.08149496,-0.3743608,0.2231874,-0.06885202,0.1593736,-0.02397942,0.9845225,0.240317,-0.3620139,0.2373018,-0.1383929,0.1858256,0.005595942,0.9727718,0.01678103,0.03024721,-0.06908989,0.5637316,-0.5314324,0.6322866,0.4614992,3.671842,3.524554
6009,0.08280078,-0.3751625,0.2226162,-0.06643725,0.1609231,-0.02463853,0.9844201,0.2416247,-0.3624878,0.2366915,-0.1369314,0.1871695,0.003879296,0.9727293,0.01676992,0.03022754,-0.06876373,0.56316,-0.5295729,0.6343527,0.4594131,3.642239,3.515969
6043,0.08373109,-0.3753257,0.2217903,-0.06719701,0.1621962,-0.02527025,0.9841435,0.2426633,-0.3631624,0.236269,-0.135668,0.1867938,0.003670545,0.9729794,0.01692551,0.03018618,-0.06834984,0.5643591,-0.5265259,0.6358217,0.4618066,3.620476,3.520429
6062,0.08427396,-0.3753877,0.2212601,-0.06802873,0.1632156,-0.02615518,0.9838946,0.2437836,-0.3634864,0.2360821,-0.1358978,0.1877892,0.000620937,0.9727624,0.01706436,0.03027058,-0.06803799,0.5658844,-0.5244443,0.6361864,0.4627267,3.606786,3.530375
6082,0.08451071,-0.3755249,0.2206039,-0.06904276,0.1636739,-0.02713378,0.9837214,0.2453116,-0.3640759,0.2356586,-0.1349515,0.1899807,-0.004132748,0.97246,0.01712814,0.03029609,-0.06780052,0.5671329,-0.5225576,0.636627,0.4626675,3.604215,3.533618
6105,0.08484831,-0.3759871,0.2198572,-0.06907035,0.1640158,-0.02838055,0.9836273,0.2474176,-0.3648673,0.23522,-0.1321061,0.1936627,-0.007795189,0.9721019,0.01718187,0.03029263,-0.06763458,0.5683114,-0.5212889,0.6366162,0.4624504,3.603979,3.53561
6126,0.0852522,-0.3767196,0.2192516,-0.06865405,0.1644198,-0.02991076,0.9835437,0.249535,-0.3656143,0.2350597,-0.1299133,0.1975074,-0.008344052,0.9716191,0.01730809,0.03025842,-0.06747627,0.5689804,-0.5201657,0.6369371,0.4620388,3.598835,3.536942
6160,0.08545652,-0.3776938,0.2179165,-0.06796253,0.1645128,-0.03069144,0.9835521,0.2519397,-0.3658651,0.2349453,-0.1289945,0.2016523,-0.005413719,0.9709107,0.01730174,0.03040516,-0.06704998,0.5691378,-0.5205703,0.6364658,0.4610343,3.598399,3.535259
6184,0.08543459,-0.379016,0.2169056,-0.06682564,0.1651333,-0.03169511,0.9834942,0.2535631,-0.3660554,0.234993,-0.1292223,0.2024172,-0.005667712,0.9707198,0.01732281,0.03052807,-0.0666523,0.5688882,-0.5208299,0.6364766,0.4602713,3.596691,3.536433
6206,0.08572903,-0.3801941,0.2156563,-0.06536566,0.1663227,-0.03128907,0.9834049,0.2548606,-0.3659824,0.2349415,-0.1292448,0.2035999,-0.005606503,0.9704697,0.0172585,0.03067327,-0.06634235,0.568328,-0.5209292,0.6368956,0.4606272,3.591628,3.544274
6228,0.08658138,-0.3814058,0.2140751,-0.06355808,0.1687854,-0.03188724,0.9830845,0.2564282,-0.3660938,0.234973,-0.1278208,0.2073587,-0.004273206,0.9698691,0.01724091,0.03094304,-0.06593418,0.5675122,-0.5199116,0.6384527,0.461697,3.590005,3.552871
6252,0.08743134,-0.3824357,0.2128153,-0.06251939,0.1719323,-0.03017151,0.9826598,0.2578715,-0.3659892,0.2349367,-0.1276659,0.2103243,-0.005467154,0.9692447,0.01714265,0.03142965,-0.06536865,0.5674008,-0.5180158,0.6400905,0.461658,3.587864,3.562126
6286,0.08833948,-0.3836102,0.2112026,-0.06180555,0.1754033,-0.02928225,0.9821183,0.258644,-0.3659154,0.2353573,-0.127677,0.2108072,-0.005323176,0.9691391,0.01677325,0.03260016,-0.0643692,0.5668203,-0.5121006,0.6453432,0.4614591,3.605161,3.56542
6308,0.08859029,-0.3841277,0.210722,-0.06084896,0.1763814,-0.02988779,0.9819846,0.2587947,-0.3659405,0.2357569,-0.1278284,0.2090465,-0.007395455,0.9694869,0.01648811,0.03344262,-0.06373882,0.5661702,-0.507439,0.6495823,0.4649292,3.613597,3.565171
6331,0.08862057,-0.3845078,0.2106571,-0.05921375,0.1764002,-0.02886391,0.9821118,0.2590879,-0.3662494,0.2365427,-0.1276736,0.2067783,-0.01008856,0.9699693,0.01610184,0.03434789,-0.06320858,0.5657004,-0.5039266,0.6527182,0.4707397,3.615745,3.565802
6353,0.08863822,-0.3847431,0.2106762,-0.05818319,0.1760935,-0.02774143,0.9822608,0.2597925,-0.3668015,0.2374296,-0.1263305,0.2060932,-0.01037801,0.9702879,0.01578754,0.03511429,-0.06280136,0.5640519,-0.5063899,0.6522383,0.4775975,3.618369,3.511465
6374,0.08844462,-0.3845838,0.2110157,-0.05811306,0.1753301,-0.02806015,0.9823924,0.2612847,-0.3674308,0.2385597,-0.1233321,0.2079881,-0.007691986,0.9702943,0.01544333,0.03575277,-0.06253338,0.563293,-0.5081442,0.6515293,0.4800594,3.621126,3.56505
6408,0.08785906,-0.3839424,0.2112503,-0.05973951,0.1734345,-0.0300039,0.9825739,0.2646474,-0.3681643,0.240675,-0.1195713,0.2119858,-0.00993993,0.9698793,0.01504001,0.03653312,-0.06241608,0.5639895,-0.5118383,0.6480259,0.4771751,3.632405,3.576483
6431,0.08717552,-0.3833679,0.2113714,-0.06181448,0.1720513,-0.03023081,0.9826818,0.2667319,-0.3684044,0.2427874,-0.1160564,0.2142501,-0.01116458,0.9697955,0.0148403,0.03689659,-0.06246376,0.5684012,-0.5134578,0.6428694,0.4770872,3.698552,3.656105
6452,0.08665481,-0.3829055,0.2112141,-0.06365706,0.1709553,-0.03151853,0.982715,0.2686957,-0.3685364,0.2451811,-0.1099911,0.2145471,-0.008865636,0.9704602,0.01481763,0.03716707,-0.06258392,0.5949228,-0.5211855,0.611909,0.4856246,3.69462,3.747437
6475,0.08621016,-0.3827778,0.2108526,-0.0647301,0.1702518,-0.03220029,0.9827449,0.2714938,-0.368245,0.2475328,-0.1025718,0.2153531,-0.01105565,0.9710715,0.01520047,0.0373832,-0.06279755,0.6061563,-0.5244243,0.5979578,0.4762685,3.719307,3.76611
6509,0.0861682,-0.3831072,0.2096901,-0.06541767,0.1707461,-0.03465711,0.98253,0.2763795,-0.3668995,0.2501507,-0.09919687,0.2180098,-0.02656077,0.9705288,0.01608521,0.03762102,-0.06328011,0.6195679,-0.5263247,0.5823383,0.4869789,3.750105,3.780721
6531,0.08644882,-0.3835903,0.2085361,-0.06478149,0.1723211,-0.03469567,0.9822958,0.2797979,-0.3648844,0.2518082,-0.1003185,0.2224602,-0.02690808,0.9693934,0.01668632,0.03768206,-0.06364059,0.6242635,-0.5269724,0.5767107,0.4948826,3.801512,3.776196
6554,0.0866231,-0.3840564,0.2074537,-0.06269439,0.1743219,-0.03377317,0.9821104,0.2828344,-0.3633505,0.2537546,-0.09957515,0.2261027,-0.02239564,0.9687419,0.01723912,0.03768682,-0.06392288,0.6281205,-0.5270098,0.5724729,0.4941675,3.805942,3.762702
6574,0.08696094,-0.384492,0.2067871,-0.06042895,0.1764254,-0.03109714,0.9819651,0.2857641,-0.3625218,0.2558489,-0.09741444,0.2272644,-0.02016405,0.9687387,0.01776466,0.03761721,-0.06399059,0.6315943,-0.5269594,0.5686848,0.4968036,3.830398,3.765065
6606,0.08674684,-0.3847499,0.2059288,-0.05921924,0.1777792,-0.03075463,0.9818054,0.2899775,-0.3626859,0.2599869,-0.08904928,0.2228696,-0.01158402,0.9707035,0.01811823,0.03729141,-0.06410599,0.6263421,-0.5299557,0.5717016,0.4880965,3.848879,3.7726
6629,0.08612409,-0.3843865,0.2056417,-0.0603397,0.1770945,-0.03066391,0.9818637,0.2935916,-0.3623332,0.2620335,-0.08594452,0.2266917,-0.003889963,0.9701595,0.01813623,0.03694403,-0.06432819,0.6198757,-0.5347333,0.5742948,0.4695983,3.843578,3.744595
6663,0.08512583,-0.383532,0.2055779,-0.06312729,0.1762173,-0.03198171,0.9818043,0.3004564,-0.3618711,0.2652264,-0.07970531,0.2356815,0.006784446,0.9685326,0.01789129,0.03644907,-0.06458473,0.6094189,-0.541608,0.5790244,0.4618288,3.829517,3.739133
6683,0.08451,-0.3829405,0.2057543,-0.06415858,0.1758611,-0.03237139,0.9817885,0.3048827,-0.3615749,0.2669201,-0.07640716,0.2396266,0.007219291,0.967827,0.0177401,0.03614187,-0.0647316,0.6059816,-0.5434754,0.5808792,0.4697243,3.817174,3.766662
6703,0.08388677,-0.3822428,0.2061195,-0.06434959,0.1749073,-0.03114426,0.981986,0.3094725,-0.3609258,0.2681589,-0.07353998,0.2445309,0.004045418,0.9668403,0.0175527,0.03592598,-0.06501102,0.6037957,-0.5447497,0.581961,0.4746432,3.809238,3.78049
6725,0.08283153,-0.3816514,0.2064648,-0.06400769,0.1737,-0.02844349,0.9823046,0.3141169,-0.3599021,0.2689972,-0.07181629,0.2508147,0.0005428094,0.9653674,0.01745903,0.03582513,-0.06559944,0.6027252,-0.5463436,0.5815763,0.4778863,3.805054,3.788973
6758,0.08131972,-0.3803114,0.2075996,-0.06444668,0.1710742,-0.02685458,0.9827813,0.3208949,-0.3584467,0.2703648,-0.07154942,0.2575342,-0.007496769,0.9635874,0.01735231,0.03568995,-0.06659412,0.6022189,-0.5474408,0.5810688,0.4868478,3.793587,3.793112
6780,0.08006611,-0.3792883,0.2084417,-0.0657187,0.1687288,-0.02447728,0.9831645,0.3255908,-0.3577273,0.2712774,-0.07334007,0.2632218,-0.01834187,0.9617687,0.01734993,0.03567743,-0.06715965,0.6034961,-0.5464293,0.5806956,0.4920509,3.785303,3.801377
6806,0.07855263,-0.3784356,0.2097034,-0.06725688,0.1662784,-0.02259356,0.9835231,0.3315491,-0.3575813,0.2719021,-0.07336394,0.2729159,-0.02609332,0.9588816,0.01751664,0.03580248,-0.06772137,0.6055862,-0.5422093,0.5824727,0.4932766,3.778906,3.797922
6830,0.07677045,-0.3778553,0.211298,-0.06701252,0.1628801,-0.02155324,0.9841316,0.3359253,-0.3579251,0.272645,-0.06709494,0.2798115,-0.01702804,0.9575562,0.01749438,0.03602529,-0.06809711,0.6070347,-0.5390128,0.5839298,0.4918393,3.778731,3.791165
6853,0.0744907,-0.3777844,0.2129622,-0.06555485,0.1574215,-0.02095592,0.9851304,0.3400585,-0.3583003,0.2732582,-0.06303289,0.2866143,-0.01102623,0.9559067,0.01750857,0.03625941,-0.06845188,0.6080006,-0.5357192,0.5859524,0.491951,3.778282,3.78224
6884,0.07202783,-0.3776827,0.2149334,-0.06534105,0.1503951,-0.02575583,0.9861281,0.3450126,-0.3586259,0.2743654,-0.06003414,0.2928635,-0.01058911,0.954209,0.01745242,0.03652298,-0.06888103,0.6079123,-0.5316726,0.5897177,0.496024,3.778654,3.773848
6904,0.07061067,-0.3774321,0.2161551,-0.06599895,0.1477305,-0.02888003,0.9864005,0.3477882,-0.359149,0.2757082,-0.05773773,0.293289,-0.01487594,0.9541628,0.01731706,0.03676701,-0.06907272,0.6064536,-0.5302574,0.5924872,0.4994359,3.794321,3.761253
6927,0.06924716,-0.3771262,0.2170343,-0.06578992,0.1460451,-0.02445417,0.986785,0.3500704,-0.3599465,0.2768202,-0.05619458,0.2937422,-0.02217632,0.9539738,0.0170244,0.0369606,-0.06923199,0.6042695,-0.5296803,0.5952287,0.5057064,3.818188,3.752653
6960,0.06792155,-0.3767736,0.2179337,-0.06519116,0.1455588,-0.01977053,0.9870015,0.3536815,-0.3609786,0.2786236,-0.05150732,0.2952483,-0.02306456,0.9537523,0.01644477,0.03728282,-0.06938839,0.6010978,-0.5285645,0.5994171,0.5071816,3.825026,3.751646
6984,0.06770983,-0.3769323,0.2181025,-0.06454284,0.1455325,-0.02053652,0.9870324,0.3564653,-0.3617321,0.27981,-0.05019137,0.2964564,-0.02418064,0.95342,0.01611865,0.03749955,-0.0694809,0.5983804,-0.5280077,0.6026182,0.5070471,3.825471,3.752514
7007,0.06752387,-0.3768672,0.2182407,-0.0644883,0.145388,-0.0211521,0.9870442,0.359106,-0.3625431,0.2809296,-0.04893797,0.2983294,-0.02568253,0.9528615,0.01568383,0.03762996,-0.06966686,0.5957341,-0.5284758,0.6048257,0.5037714,3.828508,3.770948
7029,0.06755152,-0.3767818,0.2176819,-0.06469234,0.1457328,-0.02051815,0.9869934,0.3623993,-0.3633465,0.2818975,-0.04711882,0.3021089,-0.02470436,0.9517877,0.01525748,0.03776586,-0.06994629,0.5931252,-0.5294083,0.6065718,0.5026227,3.831163,3.784316
7053,0.06804696,-0.3765546,0.2170658,-0.06526906,0.1471578,-0.02014879,0.9867516,0.3657855,-0.3640867,0.2825422,-0.04489323,0.3063926,-0.02320687,0.9505628,0.01496631,0.03789318,-0.07020664,0.5918896,-0.5305145,0.6068122,0.5023114,3.818338,3.809952
7075,0.06857696,-0.3762728,0.2163563,-0.06604342,0.1491176,-0.02098724,0.9863883,0.3691956,-0.3646529,0.2829561,-0.04340293,0.3115564,-0.02209846,0.9489787,0.01476315,0.03797114,-0.07052326,0.5913284,-0.5306782,0.6072161,0.5010108,3.816408,3.812328
7108,0.06927624,-0.3759109,0.2150154,-0.06756137,0.1525081,-0.02063568,0.9857743,0.3734016,-0.3657585,0.2839727,-0.04139503,0.3160757,-0.02348389,0.9475396,0.01442087,0.03798282,-0.07101631,0.59188,-0.5330606,0.6045862,0.5026472,3.824213,3.801509
7130,0.06964508,-0.3755492,0.2142973,-0.06895969,0.1546608,-0.02115635,0.9853309,0.3757934,-0.3668621,0.2847023,-0.03887753,0.3179526,-0.02345305,0.9470188,0.01426935,0.03796482,-0.07130623,0.5927302,-0.5344481,0.6025247,0.494994,3.839949,3.825258
7154,0.06979552,-0.3754786,0.2137165,-0.07064442,0.1563946,-0.02327218,0.9848901,0.3777486,-0.3683155,0.2855062,-0.03542112,0.3182802,-0.02300979,0.9470553,0.0141806,0.03798103,-0.07157612,0.5978853,-0.5368412,0.5952603,0.4839012,3.91397,3.845681
7176,0.06998435,-0.3754995,0.2130604,-0.07166962,0.1576795,-0.02418075,0.9845893,0.3793673,-0.3700755,0.2860126,-0.03131807,0.3175216,-0.02667277,0.9473583,0.01411444,0.03792143,-0.07182121,0.6033986,-0.5396045,0.5871432,0.4773853,3.92202,3.845439
7208,0.06984416,-0.3761946,0.2125912,-0.07110154,0.1579616,-0.02525842,0.9845582,0.3819591,-0.3723365,0.2868481,-0.02654268,0.318254,-0.0312882,0.9471171,0.01416719,0.03787506,-0.07210445,0.606341,-0.5425357,0.5813825,0.4724055,3.923465,3.843755
7232,0.0693976,-0.3767538,0.2124138,-0.06908178,0.1569369,-0.02537289,0.9848628,0.3837527,-0.3736449,0.2872248,-0.02485939,0.3186905,-0.03402863,0.9469216,0.01420319,0.03789532,-0.07234383,0.6074499,-0.5445124,0.5783693,0.4719252,3.926558,3.840289
7253,0.06906405,-0.3773103,0.2123604,-0.06817992,0.1556654,-0.0263023,0.985103,0.3859109,-0.3743802,0.2875452,-0.0251461,0.3219424,-0.03515172,0.9457723,0.01423347,0.03785253,-0.07258224,0.6084965,-0.5449325,0.5768713,0.4739054,3.934108,3.853168
7287,0.06891766,-0.3777924,0.2121038,-0.06984188,0.1546513,-0.03231486,0.9849675,0.3892635,-0.3762158,0.2882357,-0.02201485,0.3272855,-0.03467358,0.9440325,0.01434863,0.03785968,-0.07296181,0.6096305,-0.54522,0.5754007,0.4734711,3.952831,3.86944
7306,0.06884447,-0.3779254,0.2119751,-0.07061744,0.1542065,-0.03488157,0.9848943,0.3912107,-0.3772775,0.2885914,-0.02082442,0.3299544,-0.03522843,0.9431095,0.01445505,0.03794718,-0.07315063,0.6103383,-0.5455559,0.5743309,0.4727573,3.959697,3.900434
7326,0.06869164,-0.3780851,0.2118273,-0.06996001,0.1540071,-0.03413535,0.9849986,0.3931417,-0.3783414,0.2890339,-0.01972253,0.3330483,-0.03445851,0.9420735,0.01462582,0.03802955,-0.07338905,0.6111741,-0.5449259,0.5740401,0.4723858,3.969035,3.91959
7360,0.06857339,-0.3783182,0.211875,-0.06786264,0.1544401,-0.03147637,0.9851661,0.3961674,-0.3795309,0.2900867,-0.01748145,0.3350317,-0.03128447,0.9415251,0.01491076,0.03812587,-0.07378387,0.6118876,-0.5439054,0.5742478,0.4738653,3.983953,3.934153
7382,0.06825677,-0.3780642,0.2119436,-0.06794161,0.1541338,-0.0307576,0.9852313,0.3979949,-0.3800111,0.2906303,-0.01803201,0.3358341,-0.03210364,0.9412012,0.01504391,0.03831458,-0.0740099,0.6113861,-0.5454378,0.5733277,0.4742158,3.988128,3.922658
7404,0.06794468,-0.3776671,0.2119608,-0.06903245,0.1540192,-0.03145054,0.9851515,0.3998426,-0.3805408,0.2911005,-0.01823318,0.3376747,-0.03219632,0.9405354,0.0152719,0.03846192,-0.07413006,0.6114337,-0.5455996,0.5731229,0.4764403,3.997829,3.93465
7441,0.0674943,-0.3768907,0.2122259,-0.07146729,0.1532986,-0.03294921,0.9850413,0.4030987,-0.3822027,0.291913,-0.01427065,0.3407972,-0.03170848,0.9394936,0.01568583,0.03862822,-0.07433891,0.6197705,-0.5483491,0.5614247,0.5059931,4.038495,4.073318
7463,0.06687537,-0.376524,0.2125473,-0.07143863,0.1525021,-0.03243882,0.985184,0.4046008,-0.383383,0.2922115,-0.01068522,0.3436976,-0.03215855,0.9384688,0.01576963,0.0386889,-0.07453251,0.6264024,-0.5499555,0.5524212,0.5167471,4.040935,4.07178
7486,0.0663332,-0.3764749,0.212656,-0.07129537,0.1515066,-0.03119044,0.9853882,0.4055275,-0.3845899,0.2924509,-0.008020201,0.3440738,-0.03383466,0.9382985,0.01593015,0.03880477,-0.07471371,0.6288699,-0.551054,0.548509,0.5160418,4.042481,4.060728
7507,0.06566516,-0.3761822,0.2127457,-0.07147513,0.1503675,-0.03125307,0.9855477,0.4064561,-0.3853933,0.2929306,-0.007498372,0.3438107,-0.03477435,0.9383649,0.01618895,0.03883922,-0.07484341,0.6298848,-0.5515488,0.5468447,0.5188204,4.044889,4.062705
7530,0.06511298,-0.3757879,0.2130232,-0.07209919,0.1490965,-0.03144007,0.9856893,0.4073583,-0.3863263,0.2936144,-0.006273196,0.3431127,-0.03366662,0.9386697,0.01636174,0.03890944,-0.07499027,0.6300429,-0.551857,0.5463512,0.5229848,4.047449,4.065446
7552,0.06452623,-0.3755435,0.2132282,-0.07233619,0.1480019,-0.03115463,0.985846,0.4077796,-0.3872665,0.294488,-0.003456889,0.3409546,-0.0331503,0.9394888,0.01652136,0.03890646,-0.07514286,0.6305663,-0.5519253,0.545678,0.5297892,4.046609,4.071658
7574,0.06399503,-0.3756011,0.2134209,-0.07153792,0.1472169,-0.03093507,0.9860287,0.4086784,-0.3876939,0.2948494,-0.003181124,0.3416038,-0.0338682,0.9392282,0.01674554,0.03889155,-0.0752697,0.6305259,-0.5520532,0.5455953,0.5350955,4.04466,4.079724
7608,0.0639247,-0.3758638,0.2135792,-0.07007822,0.14659,-0.03049365,0.9862406,0.4110467,-0.3876853,0.2953053,-0.003272905,0.3448846,-0.03221695,0.9380863,0.01726708,0.03891098,-0.07536316,0.6301982,-0.5528221,0.5451953,0.5394933,4.045533,4.085317
7630,0.06371799,-0.3759661,0.2136307,-0.06984267,0.1464219,-0.02972933,0.9863057,0.4123501,-0.3873476,0.2956276,-0.005541807,0.3467937,-0.03266776,0.937356,0.01751098,0.03894627,-0.07541466,0.6302261,-0.5531372,0.5448433,0.543698,4.046999,4.135064
7653,0.06371465,-0.376188,0.2134008,-0.07022589,0.1464459,-0.02979163,0.986273,0.4136132,-0.386996,0.295845,-0.008048716,0.3481897,-0.034308,0.9367615,0.01786509,0.03891873,-0.07556725,0.6310498,-0.5523412,0.5446976,0.5523509,4.047761,4.112772
7675,0.06392279,-0.3763111,0.2131748,-0.07094251,0.1461613,-0.03222795,0.9861873,0.4151482,-0.3866252,0.2966623,-0.009768575,0.3472687,-0.04038931,0.9368446,0.01828423,0.03898418,-0.07568836,0.6315449,-0.5519583,0.5445117,0.5531684,4.048397,4.099448
7708,0.06388035,-0.3766872,0.2128773,-0.07031078,0.1459455,-0.03328944,0.9862292,0.4172048,-0.3861344,0.2972116,-0.01332473,0.3494229,-0.05277696,0.9353827,0.01876318,0.03919768,-0.0758009,0.6324494,-0.5517248,0.543698,0.5533147,4.049339,4.098861
7731,0.06419483,-0.3771374,0.21243,-0.0691546,0.1468406,-0.03299818,0.9861879,0.4186596,-0.3860675,0.2973671,-0.01179606,0.3521671,-0.0535729,0.9343282,0.01920021,0.03932726,-0.07593727,0.6327813,-0.5517108,0.5433259,0.5537985,4.05499,4.077237
7754,0.06487551,-0.3775195,0.211833,-0.06890489,0.1482689,-0.03492523,0.9859253,0.4196934,-0.3862307,0.2976856,-0.007577798,0.3532112,-0.04817847,0.9342716,0.01956668,0.03939426,-0.07604218,0.6329482,-0.5518467,0.5429934,0.5538968,4.053556,4.059783
7781,0.06589809,-0.3776504,0.2110424,-0.06828684,0.1497523,-0.03632369,0.9856936,0.4206156,-0.3858384,0.2977896,-0.007926335,0.3547797,-0.04633427,0.9337675,0.02020136,0.03969479,-0.07610703,0.6327947,-0.5527629,0.5422398,0.5526026,4.053455,4.051535
7803,0.06672373,-0.3775173,0.2104168,-0.06736565,0.1507146,-0.03403924,0.9856918,0.4213647,-0.3857468,0.2980919,-0.007040197,0.3551562,-0.04617628,0.9336393,0.02074686,0.03983653,-0.07623672,0.63244,-0.5537284,0.5416683,0.5507599,4.053603,4.043157
7825,0.06762758,-0.377165,0.20994,-0.0672173,0.1524906,-0.03156761,0.985511,0.4214775,-0.3858992,0.2986288,-0.005977544,0.3525233,-0.04868026,0.9345169,0.02104989,0.03979242,-0.07646656,0.6319531,-0.5542613,0.5416916,0.5474344,4.052927,4.027866
7858,0.06873813,-0.3764534,0.2090025,-0.06887426,0.1546448,-0.03224548,0.9850389,0.4218306,-0.3865124,0.2988815,-0.004202526,0.3520128,-0.05242798,0.9345163,0.02156624,0.03996086,-0.07658005,0.6313726,-0.5547279,0.5418909,0.5401495,4.051923,4.028497
7881,0.06919017,-0.3759154,0.2086964,-0.07020233,0.1551022,-0.03190758,0.9848842,0.4227346,-0.3871597,0.2990789,-0.002731133,0.3530705,-0.0538654,0.9340408,0.02183089,0.0398711,-0.0766964,0.6310459,-0.5545449,0.5424582,0.5354328,4.046292,4.018992
7908,0.06947556,-0.3753967,0.208231,-0.07147488,0.1554652,-0.03171942,0.9847415,0.4235069,-0.3874381,0.298708,-0.002169922,0.35552,-0.05026211,0.9333138,0.02208018,0.03976214,-0.07683182,0.6301126,-0.5547292,0.543354,0.5292293,4.043676,3.995072
7930,0.06951728,-0.3749576,0.2081356,-0.07189313,0.1554295,-0.03128242,0.9847307,0.4243094,-0.3874309,0.2987022,-0.001321133,0.3579235,-0.04437951,0.9326947,0.02233121,0.03968644,-0.07696056,0.6295543,-0.5547847,0.5439441,0.5240844,4.043251,3.991177
7952,0.06961313,-0.3749563,0.208065,-0.07114548,0.1553755,-0.03036696,0.9848222,0.4249918,-0.3875827,0.2988701,-0.001866153,0.3575962,-0.04442915,0.932817,0.02264041,0.03963423,-0.07709122,0.6285762,-0.5548253,0.5450329,0.5219285,4.049702,3.992715
7975,0.0696961,-0.3753608,0.2079391,-0.0700266,0.1554543,-0.02978986,0.9849075,0.4252509,-0.3877612,0.2986164,-0.002737551,0.3573595,-0.04668086,0.9327956,0.0228709,0.03955531,-0.0772934,0.6272739,-0.5550325,0.5463208,0.5206157,4.05268,3.98577
8020,0.06933084,-0.3764523,0.2080078,-0.06815494,0.1545111,-0.03115422,0.985145,0.4254369,-0.3887216,0.2984543,-0.0001765011,0.3569279,-0.04877645,0.9328576,0.02313253,0.03949213,-0.0776825,0.6250196,-0.5559344,0.5479849,0.5197511,4.047149,3.98493
8042,0.06921425,-0.3770905,0.2081022,-0.06683201,0.1539243,-0.03196656,0.9853015,0.4250149,-0.3886223,0.2984238,-0.0005494177,0.3563361,-0.04694374,0.9331776,0.0233264,0.03945589,-0.07777977,0.6240136,-0.555933,0.5491317,0.5253859,4.04678,4.011539
8052,0.06913558,-0.3772986,0.20821,-0.06615674,0.1537678,-0.03229097,0.9853609,0.4249119,-0.3885378,0.298562,-0.000825393,0.3561559,-0.04577149,0.9333045,0.02339801,0.03944468,-0.07781792,0.6237142,-0.5559508,0.5494537,0.5270293,4.046365,4.013326
8075,0.0689992,-0.3777516,0.2084455,-0.06442467,0.1531661,-0.03132106,0.9856007,0.4249872,-0.38863,0.2987099,-0.0009666751,0.3556094,-0.04426982,0.9335852,0.02355969,0.03941357,-0.07781219,0.6230284,-0.5563642,0.549813,0.5273767,4.046305,4.015374
8110,0.06851712,-0.3782349,0.2085428,-0.06223323,0.1520668,-0.02799147,0.9860118,0.4248046,-0.3887964,0.2984571,-0.00151926,0.3554609,-0.04330681,0.9336861,0.023783,0.03957295,-0.07778549,0.6224533,-0.5566181,0.5502076,0.5258812,4.049761,4.023541
8131,0.06836334,-0.3782618,0.2085333,-0.06245923,0.151856,-0.028696,0.9860097,0.424667,-0.3890691,0.298645,-0.0004566817,0.3547861,-0.0426259,0.9339752,0.0239163,0.03972733,-0.07778263,0.62213,-0.5567211,0.5504689,0.5249813,4.051085,4.026684
8154,0.06837264,-0.3782086,0.2083769,-0.06369147,0.1519783,-0.02984792,0.9858779,0.4248661,-0.3893853,0.2986803,-0.0001061989,0.3546752,-0.04491376,0.9339102,0.02410167,0.03980041,-0.07779503,0.6218061,-0.5568346,0.5507198,0.5243703,4.057638,4.049531
8175,0.06832805,-0.3779708,0.2083158,-0.06422261,0.1517632,-0.03015974,0.985867,0.4252602,-0.3896469,0.298667,-9.323241E-05,0.3557059,-0.0463849,0.9334462,0.0242838,0.03979135,-0.07784081,0.6213406,-0.5571061,0.5509707,0.5242355,4.071022,4.066258
8209,0.06798998,-0.3776255,0.2079268,-0.06459916,0.1511973,-0.0284433,0.9859804,0.4252659,-0.3897612,0.2988234,9.253636E-05,0.3551563,-0.04402664,0.9337696,0.02431095,0.03956032,-0.07813454,0.6212239,-0.5560862,0.5521313,0.5241368,4.086204,4.091181
8232,0.06785288,-0.3775665,0.2076035,-0.06549061,0.1514183,-0.02878887,0.9858776,0.4250132,-0.3896381,0.2988701,-0.0009393235,0.3542801,-0.04295618,0.9341518,0.02439398,0.03957891,-0.07823467,0.6214669,-0.5548816,0.5530691,0.5254228,4.09164,4.131982
8254,0.06797901,-0.3776172,0.207304,-0.06602953,0.1514384,-0.03029523,0.9857935,0.4251749,-0.3896354,0.2990675,-0.0008489324,0.3539415,-0.0430578,0.9342755,0.0244697,0.0396477,-0.07836342,0.6213765,-0.5546969,0.5533557,0.5252062,4.094993,4.138321
8276,0.0680038,-0.3777498,0.2071428,-0.06552137,0.1512255,-0.03080094,0.9858444,0.4253725,-0.3896863,0.2994013,-0.0006583967,0.3534454,-0.04412538,0.9344137,0.02455476,0.03971303,-0.07843781,0.6213402,-0.5544651,0.5536287,0.5242354,4.096948,4.142623
8309,0.06818905,-0.3781878,0.2069397,-0.06369252,0.1520019,-0.0291443,0.9858952,0.4259106,-0.3895503,0.2998514,0.0003654847,0.354119,-0.04245878,0.934236,0.02466664,0.03980148,-0.07843494,0.6213128,-0.5540941,0.5540308,0.5238239,4.120834,4.146542
8332,0.06835762,-0.378419,0.2066803,-0.06309552,0.1525363,-0.02917851,0.98585,0.4264578,-0.389117,0.2999268,-0.0004626098,0.3551475,-0.04243601,0.9338465,0.02478558,0.03990352,-0.07842445,0.6212647,-0.5538505,0.5543282,0.5230722,4.135551,4.151389
8354,0.06837478,-0.3786571,0.2064648,-0.06308629,0.152834,-0.02977727,0.9857866,0.4268769,-0.3886867,0.299984,-0.001466515,0.3561711,-0.04181596,0.9334835,0.02473876,0.03971612,-0.07827759,0.6215518,-0.5540555,0.5538012,0.5227529,4.149899,4.158296
8386,0.06855765,-0.3788382,0.2058687,-0.06337072,0.1532208,-0.03020243,0.9856954,0.427283,-0.3883069,0.3003645,-0.001232837,0.3563846,-0.04047329,0.9334615,0.0248321,0.03981853,-0.07838726,0.622025,-0.5535215,0.5538042,0.5267938,4.166015,4.190352
8405,0.06854311,-0.3790704,0.2055922,-0.06322724,0.153495,-0.03009405,0.9856653,0.4272448,-0.3882585,0.3004627,-0.0007560959,0.3555084,-0.04086927,0.9337788,0.02486086,0.03985107,-0.07833195,0.6230147,-0.5522231,0.5539876,0.5333297,4.171168,4.263503
8425,0.06872717,-0.3792939,0.2052593,-0.06273539,0.1534993,-0.0294198,0.9857164,0.427328,-0.388175,0.3006134,-0.0006792541,0.3549475,-0.04180619,0.9339508,0.02485475,0.03977776,-0.07837677,0.623752,-0.5513918,0.553986,0.5374499,4.177546,4.246857
8458,0.0687522,-0.3794143,0.2051296,-0.06219267,0.1535887,-0.02938582,0.9857379,0.4277286,-0.38782,0.3010426,-0.000538822,0.354155,-0.04228812,0.93423,0.02490672,0.03978229,-0.07834435,0.62374,-0.5521838,0.5532101,0.5397795,4.199437,4.223909
8481,0.06824961,-0.3796755,0.2050648,-0.06186185,0.1529484,-0.02973942,0.9858476,0.4278289,-0.3876046,0.3010483,-0.001174507,0.3545454,-0.04256627,0.9340687,0.02480289,0.0397588,-0.07849407,0.6232557,-0.5525205,0.5534198,0.5400604,4.212675,4.207349
8503,0.06766859,-0.3800126,0.2051582,-0.06178778,0.151936,-0.03057426,0.9859833,0.4280547,-0.3875179,0.3010817,-0.001119796,0.3558594,-0.04209619,0.9335903,0.02479863,0.03971195,-0.07848358,0.622624,-0.5528299,0.5538217,0.5400118,4.231717,4.213841
8529,0.06708708,-0.3802215,0.2053146,-0.0616555,0.1505475,-0.03110625,0.9861879,0.428338,-0.3875874,0.3014011,0.0004097922,0.3558664,-0.04063683,0.9336528,0.02482593,0.03968835,-0.07834244,0.6220659,-0.5537826,0.553497,0.5388511,4.253547,4.22652
8552,0.06660238,-0.3803232,0.2056313,-0.06111506,0.1494661,-0.03030203,0.986411,0.4286119,-0.3874366,0.3015022,-0.0005093106,0.3556695,-0.0415476,0.9336877,0.02483574,0.03969538,-0.07834625,0.6215992,-0.5543074,0.5534961,0.5405119,4.274975,4.273135
8574,0.06605878,-0.3803031,0.2057934,-0.06034096,0.1486808,-0.02888682,0.9866198,0.4288079,-0.387328,0.3015242,-0.0008526955,0.3562133,-0.04179118,0.9334693,0.02474195,0.03967047,-0.07821369,0.620996,-0.5557786,0.5526971,0.5422874,4.284231,4.227068
8608,0.06529775,-0.3803363,0.2059698,-0.05988777,0.1473453,-0.02773911,0.9868807,0.4289342,-0.3871987,0.3014717,-0.0008429029,0.3567794,-0.04157144,0.9332629,0.02460837,0.03967214,-0.07797337,0.6207355,-0.5568125,0.5519487,0.5451624,4.298559,4.250782
8630,0.065092,-0.3802772,0.206193,-0.06009007,0.1467453,-0.02811324,0.9869472,0.4290339,-0.3870053,0.3017063,-0.0005175939,0.3568401,-0.04034122,0.9332939,0.02460393,0.03970587,-0.07778358,0.6208469,-0.5567795,0.5518566,0.546259,4.306804,4.267687
8653,0.06501403,-0.3804801,0.2062006,-0.06047059,0.1465959,-0.02845562,0.9869363,0.4293529,-0.3869948,0.3018866,-0.0003573931,0.3560908,-0.0410265,0.9335502,0.02460271,0.03963625,-0.07764816,0.6211584,-0.5568747,0.55141,0.546846,4.314476,4.273938
8675,0.06517783,-0.3807001,0.2060089,-0.0609239,0.1470407,-0.02885502,0.9868307,0.4299599,-0.3866986,0.3016291,-0.001734651,0.3564991,-0.04328803,0.9332907,0.02467403,0.0396167,-0.07762337,0.6211526,-0.5570066,0.5512832,0.5468999,4.320132,4.271405
8707,0.06531921,-0.3811636,0.2058125,-0.06071196,0.1475084,-0.03034529,0.9867292,0.4302627,-0.3864299,0.3014946,-0.001855378,0.3581247,-0.04193216,0.9327298,0.0245491,0.03952825,-0.07757854,0.6216716,-0.5572436,0.550458,0.5473305,4.321499,4.267847
8730,0.06517187,-0.3814952,0.2056952,-0.05951302,0.1472012,-0.0293943,0.9868769,0.4302067,-0.3863962,0.3013191,-0.001138271,0.358526,-0.04049314,0.9326404,0.02446416,0.03953481,-0.07758045,0.6219168,-0.5574319,0.5499903,0.5481176,4.318974,4.272108
8753,0.06525865,-0.381784,0.2055473,-0.05857276,0.1476804,-0.02876525,0.9868801,0.4301967,-0.3862321,0.3013287,-0.001620419,0.3579713,-0.04101124,0.9328302,0.02437207,0.03946972,-0.07765865,0.6224365,-0.5573338,0.5495015,0.5487936,4.314985,4.276509
8775,0.06542316,-0.3818957,0.205369,-0.05833143,0.1484189,-0.02874975,0.986784,0.4302649,-0.3860147,0.3014345,-0.001669353,0.356811,-0.04172016,0.933243,0.02428612,0.03942847,-0.07771492,0.6225892,-0.5573335,0.5493288,0.5481392,4.311718,4.254767
8808,0.06584731,-0.3819054,0.2053623,-0.05856749,0.1491285,-0.02817842,0.9866796,0.430916,-0.3856127,0.3015299,-0.002623003,0.3572652,-0.04369821,0.9329765,0.02432743,0.03952062,-0.07761002,0.6231376,-0.5566513,0.5493987,0.5462427,4.309018,4.244847
8831,0.06577364,-0.3818356,0.2052002,-0.05878228,0.1493478,-0.02826735,0.9866311,0.4312247,-0.3854955,0.3012028,-0.002457527,0.3592595,-0.04222024,0.932279,0.02419296,0.0396086,-0.07760811,0.62362,-0.5564479,0.5490572,0.5454195,4.302523,4.218296
8853,0.0657424,-0.3816327,0.2052441,-0.05927792,0.1490449,-0.02796661,0.9866558,0.4313783,-0.385349,0.3011703,-0.001883331,0.3600063,-0.03994014,0.9320927,0.02409387,0.03966987,-0.07762814,0.6241607,-0.5559404,0.5489569,0.5446005,4.295448,4.210525
8875,0.06573525,-0.3815068,0.2052183,-0.06019359,0.1487176,-0.02854887,0.9866331,0.4314527,-0.3851783,0.3013411,-0.001927924,0.3588796,-0.03926659,0.9325556,0.02405953,0.03965795,-0.07756138,0.6247267,-0.5551175,0.5491457,0.5443739,4.29072,4.219272
8906,0.0656983,-0.3812026,0.2052631,-0.0601587,0.1488072,-0.02819241,0.9866319,0.4316088,-0.3846892,0.3015394,-0.0028868,0.3579511,-0.04112171,0.93283,0.02392721,0.03976488,-0.07757473,0.6255639,-0.5543693,0.5489486,0.5446224,4.27852,4.21954
8930,0.06573072,-0.3812389,0.205452,-0.0599673,0.149036,-0.02788057,0.9866179,0.4316625,-0.3845719,0.3016329,-0.00258738,0.3579125,-0.04187429,0.9328122,0.02387837,0.03994644,-0.07746983,0.6260614,-0.5541456,0.5486071,0.5450759,4.268388,4.204891
8952,0.06571761,-0.3811535,0.2054625,-0.0601832,0.1486593,-0.02749677,0.9866724,0.4319352,-0.3844,0.3015442,-0.002666292,0.3588832,-0.04154939,0.9324535,0.02381617,0.04005051,-0.07744026,0.6266406,-0.5532488,0.5488509,0.5464125,4.260714,4.218663
8984,0.06568184,-0.3812301,0.2055683,-0.06000693,0.1482045,-0.02726941,0.9867578,0.4322073,-0.3842425,0.3016987,-0.002100685,0.3596925,-0.03875508,0.9322634,0.02372432,0.04014051,-0.07735443,0.6274947,-0.5522736,0.5488573,0.5464187,4.252102,4.187609
9009,0.06575647,-0.3813286,0.2054482,-0.06018538,0.1486817,-0.02734087,0.9866732,0.4322623,-0.384029,0.3018799,-0.00237656,0.3588351,-0.03934897,0.9325682,0.02357045,0.04011011,-0.07725048,0.627682,-0.551548,0.5493724,0.5459607,4.245232,4.194417
9028,0.06590524,-0.3814662,0.2054625,-0.06040698,0.1493645,-0.02784313,0.9865425,0.4324731,-0.3837254,0.3020554,-0.003042614,0.3588205,-0.04064358,0.9325163,0.02347478,0.04021919,-0.07717323,0.6278144,-0.5512024,0.5495681,0.5460584,4.234445,4.208764
9058,0.06609312,-0.3817943,0.2053108,-0.05985262,0.1501495,-0.02852321,0.9864377,0.4330086,-0.3833777,0.3021145,-0.00325862,0.3599969,-0.04068093,0.9320605,0.02329499,0.04026043,-0.07705975,0.6279114,-0.5499459,0.5507149,0.5466706,4.22936,4.214135
9082,0.06622687,-0.3817753,0.2052069,-0.05910597,0.1503298,-0.02716865,0.9864935,0.4334544,-0.383067,0.3021574,-0.002825366,0.3603116,-0.03946634,0.9319925,0.02328309,0.04028189,-0.07705784,0.6281241,-0.5490244,0.5513912,0.547644,4.227636,4.214211
9103,0.06612602,-0.3818974,0.2051249,-0.0586412,0.1504507,-0.02670548,0.9865154,0.4337737,-0.3826683,0.3022728,-0.002951036,0.3605826,-0.03865984,0.9319211,0.02312806,0.04030704,-0.07706261,0.6282734,-0.5479055,0.5523334,0.5491898,4.223792,4.221954
9126,0.06613675,-0.3819333,0.2049875,-0.059085,0.1508703,-0.02743071,0.986405,0.4337913,-0.3821014,0.302124,-0.004268478,0.3609826,-0.03893305,0.9317498,0.02293849,0.04024053,-0.07712269,0.6278829,-0.5478517,0.5528306,0.5506237,4.219759,4.20442
9153,0.06617418,-0.3817208,0.2049189,-0.0602136,0.1509985,-0.02801857,0.9863005,0.4338693,-0.3817703,0.3022614,-0.004267658,0.3607013,-0.03914833,0.9318497,0.02283129,0.04033303,-0.07702065,0.6274505,-0.5479919,0.5531825,0.5522937,4.213117,4.196692
9182,0.06597415,-0.3816968,0.2051563,-0.06034443,0.1506902,-0.02732947,0.9863591,0.4339658,-0.3816812,0.3024387,-0.003860035,0.3603439,-0.04045753,0.9319338,0.02274925,0.04031873,-0.07701015,0.6273082,-0.5477588,0.5535747,0.5536153,4.204173,4.190488
9200,0.06585017,-0.3817039,0.2052832,-0.05981522,0.1502789,-0.02723426,0.9864567,0.434049,-0.381667,0.3025446,-0.003640345,0.3604924,-0.03983039,0.9319043,0.02269423,0.04032183,-0.07695675,0.6273018,-0.5476934,0.5536464,0.5547325,4.202203,4.189434
9234,0.06557265,-0.3819462,0.2054272,-0.05943519,0.1499107,-0.02760252,0.9865254,0.433778,-0.3815434,0.3025885,-0.003435853,0.360082,-0.03875373,0.9321091,0.02254689,0.04031837,-0.07697964,0.6277397,-0.5474885,0.5533526,0.5586364,4.196236,4.182252
9256,0.06523934,-0.3819307,0.2055454,-0.05955772,0.1496865,-0.02719641,0.9865633,0.4337801,-0.3813393,0.3026648,-0.004299833,0.3605493,-0.03933594,0.9319004,0.02235845,0.0403142,-0.07698059,0.628264,-0.5464871,0.5537474,0.5616792,4.19518,4.216185
9277,0.06506911,-0.381898,0.2055826,-0.05953335,0.149654,-0.02735182,0.9865655,0.433489,-0.3813837,0.3028383,-0.004256799,0.3603284,-0.03893311,0.932003,0.02215809,0.04027975,-0.0770216,0.6288539,-0.5451677,0.554378,0.5652139,4.192751,4.216058
9301,0.06496945,-0.381808,0.2055979,-0.05945203,0.149136,-0.02711585,0.9866553,0.4333128,-0.3814678,0.3028526,-0.003485701,0.3595237,-0.0387996,0.9323224,0.02203056,0.04038644,-0.07712173,0.6290649,-0.5445449,0.5547506,0.5674573,4.191524,4.216815
9328,0.06498328,-0.3817116,0.2057028,-0.0601937,0.1495719,-0.02714412,0.9865436,0.4331774,-0.3813903,0.303133,-0.003589709,0.3599648,-0.04046014,0.9320813,0.02182773,0.04045451,-0.07706642,0.6291333,-0.5428343,0.5563471,0.570326,4.190044,4.210337
9371,0.06510058,-0.3816147,0.2056408,-0.05979797,0.1496126,-0.02644241,0.9865805,0.4328825,-0.3813167,0.3031569,-0.003280853,0.3596785,-0.03859423,0.932272,0.02160349,0.04052508,-0.07715511,0.6293494,-0.5415608,0.5573431,0.5742527,4.185103,4.210134
9382,0.06505194,-0.3815689,0.2056923,-0.05970005,0.1495277,-0.02652461,0.9865971,0.4326762,-0.3813012,0.3032684,-0.00330599,0.359196,-0.0388011,0.9324494,0.02152839,0.04056871,-0.07717514,0.6295654,-0.5409389,0.557703,0.5758098,4.182428,4.211942
9405,0.06509772,-0.3814687,0.2056408,-0.05990095,0.1495372,-0.02679375,0.9865762,0.432506,-0.38126,0.3033543,-0.003740475,0.3588049,-0.04049279,0.9325264,0.02140212,0.04063857,-0.07723236,0.6294417,-0.5407771,0.5579993,0.5787616,4.18062,4.170686
9427,0.06520143,-0.3812249,0.2054319,-0.06072053,0.1497294,-0.02616117,0.986514,0.4324674,-0.3812218,0.3033915,-0.003722871,0.3585997,-0.04181045,0.9325472,0.02123258,0.04071689,-0.0772419,0.6292648,-0.5401435,0.558812,0.5812756,4.175244,4.174863
9460,0.06539622,-0.3811027,0.2052536,-0.06152722,0.1503438,-0.02749491,0.9863342,0.4324864,-0.3811011,0.3032866,-0.003491294,0.3587869,-0.03993224,0.9325584,0.02101058,0.04085231,-0.07721329,0.6288041,-0.5395453,0.5599073,0.5817434,4.156382,4.167559
9485,0.06507483,-0.3812777,0.2054844,-0.06034601,0.1500906,-0.02695764,0.9864606,0.4322187,-0.3808844,0.3036289,-0.003433925,0.3587474,-0.03859443,0.9326302,0.02074793,0.04096603,-0.07713604,0.6284869,-0.5399377,0.5598853,0.581495,4.140685,4.117638
9506,0.06489149,-0.3814731,0.2055483,-0.05961286,0.1499446,-0.02623725,0.9865468,0.4321603,-0.3807467,0.3036299,-0.003726667,0.3582741,-0.03951059,0.9327726,0.02051932,0.04099178,-0.07711411,0.6278437,-0.5403211,0.5602369,0.5812318,4.129315,4.107185
9528,0.06478801,-0.3814487,0.2054892,-0.059894,0.1495756,-0.02655478,0.9865773,0.4323172,-0.380299,0.3035078,-0.004486524,0.3585458,-0.04074399,0.9326118,0.02024958,0.04106867,-0.077075,0.6272405,-0.5406164,0.5606276,0.5796933,4.101142,4.100751
9550,0.06470433,-0.381349,0.2053118,-0.06110929,0.1493787,-0.02747999,0.9865072,0.4323741,-0.380157,0.3035021,-0.004111442,0.3589398,-0.03970576,0.9325067,0.01994017,0.04114628,-0.07706261,0.6267594,-0.5409014,0.5608906,0.5776314,4.081145,4.068296
9585,0.06443205,-0.3815064,0.2054291,-0.0601639,0.1495787,-0.02600132,0.9865751,0.4326765,-0.3793859,0.303545,-0.005159862,0.3588707,-0.04078586,0.9324815,0.01952863,0.04143023,-0.07693672,0.6260036,-0.5413492,0.5613023,0.5703372,4.036152,3.987312
9607,0.06436101,-0.3817781,0.205327,-0.05928577,0.1499023,-0.02585578,0.986583,0.4330949,-0.3788579,0.3033276,-0.006231056,0.3598686,-0.04099198,0.9320812,0.01932019,0.04167223,-0.07693958,0.6261107,-0.5411716,0.5613543,0.5636014,4.005296,3.949475
9631,0.06435242,-0.38188,0.2052431,-0.05947164,0.1497252,-0.02647471,0.9865823,0.4334385,-0.378422,0.3032656,-0.005835235,0.3601627,-0.03994029,0.9320159,0.01913992,0.0418998,-0.07695198,0.6263115,-0.5401235,0.5621393,0.5579935,3.986779,3.907556
9650,0.0643765,-0.3819182,0.2053442,-0.05982262,0.1496328,-0.02674617,0.9865678,0.4338049,-0.3780919,0.3033953,-0.005944044,0.3599679,-0.03992223,0.9320912,0.01906183,0.04210997,-0.07691956,0.6263223,-0.5393722,0.5628482,0.5509742,3.954548,3.867294
9680,0.06424394,-0.3819923,0.2052011,-0.06036685,0.149483,-0.02714305,0.9865465,0.4341477,-0.3777136,0.3034916,-0.007132298,0.3599217,-0.04052225,0.9320748,0.01882502,0.04258847,-0.07687473,0.626835,-0.5375557,0.564014,0.5400794,3.909973,3.848093
9702,0.06390777,-0.3820271,0.2052746,-0.05999413,0.1491004,-0.02720329,0.9866255,0.4339127,-0.3776507,0.3035698,-0.006817044,0.3593299,-0.03900641,0.9323701,0.01864007,0.04297543,-0.07690907,0.6278837,-0.5348669,0.5654022,0.5343398,3.885137,3.833411
9725,0.06366578,-0.3820659,0.2054243,-0.05955152,0.1486976,-0.02649369,0.9867324,0.4337484,-0.3777293,0.3041172,-0.005628265,0.3578993,-0.03926003,0.9329175,0.01851374,0.04334724,-0.07691097,0.6292657,-0.5319621,0.5666049,0.5294203,3.858603,3.810619
9758,0.06352392,-0.3820946,0.2054291,-0.0600787,0.148693,-0.0264749,0.9867016,0.4341401,-0.3780836,0.3043871,-0.004640652,0.35871,-0.03983288,0.9325873,0.0183652,0.04387987,-0.07692051,0.6304663,-0.5303539,0.5667777,0.5181212,3.828793,3.75384
9794,0.0633916,-0.3819379,0.2053509,-0.06068007,0.1484292,-0.02627596,0.9867098,0.4345705,-0.3781617,0.305172,-0.002896724,0.3581546,-0.0376515,0.9328983,0.01821026,0.04453194,-0.07694626,0.6310564,-0.529254,0.567149,0.5115119,3.803926,3.730218
9817,0.0632247,-0.3818203,0.2053947,-0.06015884,0.1481207,-0.02560303,0.9868058,0.4347481,-0.3779371,0.3055916,-0.003273239,0.3585805,-0.03778586,0.932728,0.0181092,0.04515362,-0.07681561,0.6295961,-0.5209344,0.5763993,0.5026174,3.788674,3.725019
9839,0.06305352,-0.3816457,0.2053175,-0.06091238,0.1481957,-0.02539746,0.9867536,0.4350061,-0.3778458,0.3062181,-0.002751136,0.3581843,-0.0369177,0.9329167,0.01797137,0.04587567,-0.07661819,0.6307141,-0.4730439,0.6151659,0.5011685,3.754874,3.635453
9861,0.06282058,-0.3812213,0.2050419,-0.06337555,0.1487874,-0.02629698,0.9864858,0.4351508,-0.3774064,0.306469,-0.003174391,0.3579639,-0.03712917,0.9329916,0.01777399,0.04685199,-0.07635975,0.6296438,-0.4420389,0.6388665,0.4998844,3.770106,3.622777
9884,0.06265059,-0.3810734,0.2048368,-0.06470809,0.1487566,-0.02772587,0.9863649,0.4354254,-0.3767451,0.3068228,-0.00392633,0.3587548,-0.03660954,0.9327054,0.01755488,0.0480485,-0.07584953,0.6279681,-0.4278534,0.6500751,0.4957362,3.770839,3.621991
9908,0.06248918,-0.3812819,0.2047005,-0.06456523,0.148171,-0.0277785,0.9864609,0.4358195,-0.3758891,0.3071117,-0.004488864,0.3591629,-0.03412489,0.93264,0.01732585,0.04962671,-0.07503891,0.6272483,-0.4174341,0.6575016,0.4884341,3.753905,3.62458
9929,0.06236616,-0.3814662,0.2046204,-0.06403634,0.1482115,-0.02694573,0.9865124,0.4358872,-0.3748927,0.3075809,-0.005295355,0.3583355,-0.03331447,0.9329833,0.01693612,0.05116582,-0.07432556,0.6258761,-0.4090991,0.6640158,0.4812208,3.732767,3.639925
9952,0.0621151,-0.3819257,0.2046747,-0.06342656,0.148726,-0.02726254,0.9864656,0.4357266,-0.3738059,0.3081799,-0.006868317,0.3579731,-0.03452053,0.9330683,0.01625443,0.05275774,-0.07359791,0.6248131,-0.4021161,0.6692618,0.4833508,3.72275,3.654446
9975,0.06189862,-0.3825185,0.2047749,-0.06262864,0.1487342,-0.02764544,0.9865047,0.4355825,-0.3728405,0.3087797,-0.008001985,0.3570797,-0.03346406,0.93344,0.01537749,0.05435061,-0.07292271,0.6221157,-0.398737,0.6737811,0.4868397,3.731619,3.648818
10008,0.06178108,-0.3836483,0.2049236,-0.0610624,0.1478281,-0.02868341,0.9867095,0.4356922,-0.3714859,0.3096352,-0.009618225,0.3543334,-0.03154045,0.9345376,0.01407382,0.0565778,-0.07207394,0.6162812,-0.4088254,0.6730968,0.4916013,3.70487,3.640018
10030,0.06181005,-0.3841989,0.2049446,-0.06045334,0.1473487,-0.02950109,0.9867945,0.4359602,-0.370651,0.3099909,-0.01077076,0.3539288,-0.02932641,0.9347504,0.01314229,0.05792868,-0.0715847,0.6100506,-0.4139913,0.6756105,0.500827,3.749462,3.700869
10053,0.06182042,-0.3846941,0.2048435,-0.0596417,0.1476493,-0.02968446,0.9867935,0.4362537,-0.3697895,0.3102398,-0.01091991,0.3536434,-0.02630243,0.9349467,0.01199755,0.05926526,-0.07116222,0.5110977,-0.4142008,0.753138,0.7025782,4.112318,3.621438
10075,0.06159499,-0.3849659,0.2048178,-0.05914006,0.1478421,-0.02877924,0.9868217,0.4365279,-0.3688686,0.3106413,-0.01118904,0.3534876,-0.02451521,0.935051,0.0107522,0.06039178,-0.07067108,0.3731425,-0.4300674,0.8220747,0.6102168,3.835055,3.64714
10107,0.0613772,-0.3849677,0.2051678,-0.05919437,0.1472643,-0.02933471,0.9868884,0.4372684,-0.3677713,0.311245,-0.01207568,0.3540961,-0.02318776,0.9348435,0.008807659,0.06155992,-0.06975174,0.2306859,-0.4893771,0.8410077,0.5896804,3.951633,3.548597
10129,0.06116787,-0.3847072,0.2051201,-0.06009674,0.1469646,-0.02947518,0.9868744,0.4374532,-0.3671913,0.3116627,-0.01185121,0.353646,-0.02070694,0.935075,0.007046312,0.06192958,-0.06914234,0.2187335,-0.5082295,0.8329816,0.5323209,3.83423,3.563472
10151,0.06103566,-0.3842232,0.2050486,-0.06200521,0.146863,-0.03106857,0.9867225,0.4375776,-0.3663254,0.3120975,-0.01230544,0.3528473,-0.01955593,0.9353956,0.005014926,0.06191635,-0.06864929,0.2065272,-0.5219887,0.8275715,0.5581771,3.90868,3.563261
10174,0.06105211,-0.3833432,0.2047396,-0.06702287,0.1465089,-0.03788202,0.986209,0.4378332,-0.3654833,0.3127327,-0.01285048,0.3524303,-0.0185663,0.9355657,0.002705306,0.06163454,-0.06796551,0.2050394,-0.5265239,0.8250645,0.5424715,3.764406,3.549609
10208,0.06152776,-0.3812993,0.2037172,-0.07940295,0.1462296,-0.05055445,0.9847621,0.4380447,-0.3640928,0.3137245,-0.01294778,0.3513844,-0.01695459,0.9359882,-0.0008518994,0.06070364,-0.06693268,0.1865146,-0.5368457,0.8228055,0.5819024,3.952322,3.513932
10242,0.06195489,-0.3792536,0.2026243,-0.08550699,0.1480443,-0.05378645,0.9838082,0.4384626,-0.3626568,0.314724,-0.01343382,0.3515335,-0.01576561,0.9359462,-0.004511535,0.05921686,-0.06596661,0.1814398,-0.5428795,0.8199765,0.7405508,3.760327,3.488457
10261,0.06238618,-0.3785118,0.2017641,-0.08721751,0.1502226,-0.05491919,0.9832651,0.4386601,-0.36159,0.3152847,-0.01403608,0.3513038,-0.01466355,0.9360415,-0.006701261,0.05827832,-0.06539631,0.188793,-0.5377786,0.8216761,0.7019578,3.884581,3.461435
10281,0.063054,-0.3779509,0.2006826,-0.08909052,0.1532111,-0.058645,0.9824205,0.4385723,-0.3605466,0.3156919,-0.01538588,0.3503334,-0.01386272,0.9363961,-0.0089553,0.05712092,-0.06479168,0.1927194,-0.5317044,0.8247119,0.7796805,3.88355,3.481725
10303,0.06383291,-0.3777244,0.1996298,-0.0908471,0.1568383,-0.06395847,0.9813551,0.4385246,-0.3588724,0.3163271,-0.01727833,0.3495733,-0.01315859,0.9366573,-0.01129732,0.05600941,-0.06404972,0.2082987,-0.5377824,0.8169466,0.6199254,3.669913,3.467006
10326,0.06451073,-0.3778715,0.1987238,-0.09188489,0.1599463,-0.06810674,0.9804774,0.4386064,-0.3575619,0.3171272,-0.01850103,0.34855,-0.01168344,0.9370348,-0.01340821,0.05515718,-0.06320477,0.2125285,-0.5430859,0.8123357,0.6301762,3.638713,3.465357
10359,0.06464401,-0.3786918,0.1978006,-0.08971947,0.1623749,-0.06511105,0.9804822,0.438523,-0.3555948,0.3182163,-0.02020841,0.346713,-0.01028803,0.9376971,-0.01629472,0.05430603,-0.06195545,0.2194236,-0.5415197,0.8115478,0.6846818,3.603036,3.463032
10395,0.06408039,-0.3810734,0.1969967,-0.08333913,0.1635788,-0.06625213,0.9807687,0.4387724,-0.3533862,0.3192005,-0.02194528,0.3455463,-0.008293197,0.9381084,-0.01842579,0.05446672,-0.06106949,0.233573,-0.5261458,0.8176884,0.7251188,3.706398,3.48553
10417,0.06335536,-0.3825489,0.196969,-0.08032974,0.1634886,-0.06815695,0.9809043,0.4387459,-0.352108,0.3199387,-0.02384309,0.3443176,-0.006571128,0.9385275,-0.01941171,0.05491662,-0.06075668,0.2408335,-0.5208629,0.8189633,0.7368675,3.700824,3.461551
10439,0.06248561,-0.3840877,0.1969662,-0.07739433,0.1631868,-0.07139624,0.9809601,0.4387564,-0.3507342,0.3206844,-0.0258776,0.3424784,-0.004364348,0.9391592,-0.02018434,0.05540299,-0.06056976,0.2500173,-0.516234,0.8191422,0.7131076,3.666075,3.453904
10462,0.0614225,-0.3851736,0.1973114,-0.07540803,0.1624205,-0.07185395,0.9812086,0.4388041,-0.3497057,0.3214531,-0.02664581,0.3408745,-0.001830183,0.9397294,-0.02077708,0.05596173,-0.06050777,0.258896,-0.5129817,0.818427,0.6898531,3.632315,3.439872
10484,0.06024936,-0.3859226,0.1976128,-0.07396165,0.1626609,-0.06914391,0.9814735,0.4388386,-0.3490504,0.3220978,-0.02634823,0.3403809,0.001027111,0.9399179,-0.02115425,0.05644786,-0.06066227,0.2681722,-0.5095209,0.8176015,0.6705631,3.617513,3.441175
10507,0.05926219,-0.3866529,0.1978559,-0.07252485,0.1624542,-0.07028274,0.9815341,0.4393195,-0.3481805,0.3226681,-0.02640017,0.3406884,0.00333681,0.9397996,-0.02129406,0.05690777,-0.0609169,0.2772187,-0.5067965,0.8162764,0.6523309,3.627584,3.457074
10529,0.05810323,-0.3870443,0.1983604,-0.07199116,0.160729,-0.07207233,0.9817276,0.4396466,-0.3471204,0.323348,-0.02618575,0.3404196,0.007056285,0.9398825,-0.0212684,0.05738258,-0.061203,0.2844866,-0.504991,0.8148935,0.6374623,3.636551,3.469983
10551,0.0568848,-0.386803,0.1989746,-0.07240558,0.1582187,-0.0715908,0.9821401,0.4397778,-0.3458035,0.3241434,-0.02715631,0.3389651,0.01310922,0.9403156,-0.02102917,0.05779374,-0.06164932,0.3092031,-0.5034888,0.806779,0.7075266,3.835158,3.509942
10585,0.055455,-0.3857816,0.1997528,-0.07410808,0.1552899,-0.06990695,0.9826017,0.4399265,-0.3430941,0.3253479,-0.0308785,0.3363788,0.02134814,0.9409783,-0.02013871,0.05836701,-0.06246948,0.5504437,-0.4745972,0.6868547,0.7884928,3.716532,3.8325
10607,0.05470458,-0.3848897,0.2000656,-0.07579879,0.1540491,-0.06950132,0.9826968,0.4400467,-0.3412679,0.3259945,-0.03310442,0.3357981,0.02361345,0.9410559,-0.01929832,0.05878353,-0.0630827,0.6423919,-0.4736314,0.6024998,0.6801819,3.589938,3.581072
10629,0.05426779,-0.3837577,0.2001696,-0.07829546,0.1537468,-0.06844721,0.9826224,0.4400193,-0.3392467,0.3265619,-0.03556583,0.3350627,0.02385022,0.9412222,-0.01844841,0.0591557,-0.06364441,0.6591558,-0.4793961,0.5793903,0.5950195,3.587734,3.581889
10652,0.05383554,-0.3828313,0.2001991,-0.08048992,0.1534614,-0.06739167,0.9825627,0.4402479,-0.3371211,0.3271456,-0.03933479,0.3338296,0.02492411,0.9414825,-0.01760194,0.05949903,-0.06416798,0.6578921,-0.4824181,0.5783171,0.5355402,3.569551,3.647097
10674,0.05354527,-0.3820795,0.2001286,-0.08223838,0.1531008,-0.06662281,0.9825266,0.4402522,-0.3349143,0.3276405,-0.04234532,0.3316908,0.02924316,0.9419835,-0.01671895,0.05980933,-0.0646677,0.6631182,-0.4792485,0.5749741,0.5579376,3.552821,3.608916
10706,0.05340853,-0.3816251,0.199954,-0.08350461,0.1525776,-0.0655547,0.982573,0.4400596,-0.3318239,0.3281689,-0.04664946,0.3282229,0.03810376,0.942678,-0.01550364,0.06020761,-0.06529522,0.6661144,-0.4790837,0.5716382,0.5522909,3.554446,3.51778
10727,0.05354419,-0.3816116,0.1998034,-0.0832388,0.1527278,-0.0646503,0.9826322,0.4403426,-0.3297594,0.3284159,-0.04986939,0.3267547,0.04221346,0.9428481,-0.01465955,0.06038272,-0.06569481,0.6659193,-0.4798706,0.5712054,0.5119823,3.551135,3.530036
10749,0.05373529,-0.3819993,0.1995087,-0.081755,0.1537661,-0.06267839,0.9827225,0.4407655,-0.3277074,0.328474,-0.05287822,0.3251232,0.04772688,0.9429852,-0.01385516,0.06052625,-0.06617165,0.657396,-0.4832884,0.5781547,0.4708983,3.571707,3.538584
10783,0.05408195,-0.3823638,0.1988611,-0.08112709,0.1551348,-0.06168628,0.9826222,0.4412667,-0.3250643,0.3286743,-0.05699272,0.3215962,0.05423553,0.9436028,-0.01286617,0.06072867,-0.06701374,0.6479738,-0.4868858,0.5857237,0.4825324,3.606922,3.554277
10806,0.05415395,-0.3824071,0.1987,-0.08154365,0.1559355,-0.06179718,0.982454,0.4422187,-0.3234192,0.3286953,-0.05904417,0.3212371,0.05635748,0.9434747,-0.01227507,0.06090426,-0.06755257,0.6482916,-0.4871731,0.5851327,0.4919521,3.613142,3.607953
10828,0.05413333,-0.382491,0.198411,-0.08185518,0.1559909,-0.06178154,0.9824203,0.4434623,-0.3223689,0.328598,-0.05934602,0.3224973,0.05922726,0.9428498,-0.01177093,0.06106973,-0.06809711,0.6483535,-0.4868318,0.5853482,0.4973111,3.594594,3.611348
10864,0.05383733,-0.3823724,0.1981783,-0.08141812,0.155285,-0.06084129,0.9826271,0.4454712,-0.3211447,0.3283272,-0.05938185,0.3230692,0.0653117,0.9422497,-0.01107764,0.06133866,-0.06900978,0.6545312,-0.4923491,0.5737433,0.4684454,3.576418,3.546157
10883,0.05367962,-0.3818328,0.1982002,-0.08173063,0.1543327,-0.05895973,0.9828659,0.4469039,-0.3204606,0.3281393,-0.06017995,0.3237196,0.06819403,0.9417715,-0.01063129,0.06154633,-0.06960011,0.6561199,-0.4960447,0.5687233,0.4657737,3.596932,3.546721
10902,0.05357018,-0.3814764,0.1983023,-0.08224582,0.153881,-0.05749188,0.9829807,0.4480123,-0.3198115,0.3279982,-0.06050652,0.324685,0.07179065,0.9411508,-0.01036271,0.06175673,-0.07018375,0.6584635,-0.4962337,0.5658427,0.4615582,3.603691,3.565142
10925,0.05362371,-0.3809472,0.1983519,-0.08346241,0.1536791,-0.0569974,0.9829385,0.4492988,-0.3195701,0.3276567,-0.05964979,0.3265502,0.07573254,0.9402508,-0.01008347,0.06204045,-0.07088375,0.6609458,-0.4954959,0.5635908,0.4611687,3.595915,3.566415
10958,0.05351725,-0.3800309,0.1986675,-0.08635833,0.1528347,-0.05666883,0.982839,0.4506699,-0.3188527,0.3277016,-0.05943678,0.3258661,0.08055767,0.9401006,-0.009756237,0.06249058,-0.07196236,0.6623433,-0.4938208,0.5634203,0.4748271,3.579838,3.570782
10980,0.05371502,-0.3795575,0.1988392,-0.08812714,0.152009,-0.05717066,0.982781,0.4516715,-0.3181111,0.3276215,-0.06148778,0.3258016,0.0833041,0.9397516,-0.009570599,0.06290841,-0.07258224,0.6623778,-0.4926496,0.5644041,0.4770626,3.579601,3.556522
11005,0.0536125,-0.3790379,0.1991596,-0.08891652,0.151138,-0.05636164,0.9828909,0.4524359,-0.3170059,0.3276148,-0.06389235,0.3253821,0.08926719,0.9391888,-0.009406775,0.06342387,-0.07336044,0.6631067,-0.4897201,0.5660952,0.4904704,3.56354,3.539751
11027,0.05363384,-0.3786229,0.1993713,-0.08937369,0.1506219,-0.05524737,0.9829919,0.4528791,-0.3160673,0.3277721,-0.06594663,0.3247614,0.09395022,0.9388048,-0.009296834,0.06391191,-0.07405376,0.6619346,-0.4883182,0.5686721,0.4949574,3.561373,3.536359
11051,0.05415741,-0.3784343,0.1990976,-0.09030411,0.1505762,-0.05311804,0.9830313,0.4535042,-0.3149734,0.3281393,-0.06807687,0.3244229,0.0984608,0.9383074,-0.009121418,0.0644387,-0.07470036,0.6616234,-0.4865181,0.570574,0.4940635,3.560289,3.530809
11074,0.05462077,-0.3782331,0.1989784,-0.0915401,0.1509117,-0.05242248,0.9829028,0.4540938,-0.3139695,0.3285284,-0.06826233,0.3238813,0.1039865,0.9378849,-0.008877009,0.06499028,-0.07534885,0.6612903,-0.484857,0.5723714,0.493819,3.559825,3.530644
11105,0.05576113,-0.378407,0.1986446,-0.09330464,0.1509533,-0.0523909,0.9827322,0.4549002,-0.3121734,0.3290091,-0.06937382,0.3235011,0.1109472,0.9371367,-0.00843966,0.06569064,-0.07609463,0.6605762,-0.4829532,0.5748003,0.4950829,3.558542,3.524199
11127,0.05638388,-0.3785257,0.1984463,-0.09326463,0.1512183,-0.05178623,0.9827273,0.4554745,-0.3105345,0.3294487,-0.07267522,0.3231094,0.1128832,0.9367903,-0.007995516,0.06624377,-0.07653141,0.6602615,-0.480989,0.5768053,0.494135,3.55195,3.517085
11160,0.05722848,-0.3792207,0.1979113,-0.09242933,0.1518172,-0.05038865,0.9827865,0.456186,-0.3084179,0.3305149,-0.07401384,0.3200776,0.1175831,0.9371481,-0.007450372,0.06716728,-0.07718658,0.6600313,-0.4776917,0.5798013,0.5014706,3.55036,3.51649
11182,0.0577437,-0.3796946,0.1975021,-0.09218297,0.1524118,-0.05049744,0.982712,0.4560019,-0.3073798,0.330966,-0.07568886,0.318518,0.115952,0.9377487,-0.007153094,0.06779778,-0.07772064,0.6686147,-0.4447824,0.5959219,0.494444,3.688958,3.511169
11206,0.05831411,-0.3802186,0.1971788,-0.0920777,0.1527621,-0.04975131,0.9827056,0.4563448,-0.3062705,0.3311844,-0.07538339,0.3193674,0.1162741,0.9374445,-0.006811768,0.06863689,-0.07818127,0.6888629,-0.3654343,0.6260396,0.4949601,3.622229,3.666604
11229,0.05875042,-0.3808193,0.197051,-0.09157539,0.1531923,-0.04915456,0.9827156,0.4570011,-0.3056588,0.3316431,-0.07420311,0.3201577,0.1129608,0.9376742,-0.006486803,0.06932378,-0.07851219,0.691824,-0.3438727,0.6349261,0.4862185,3.621563,3.649955
11250,0.05921105,-0.3817539,0.1970882,-0.0902077,0.1534994,-0.04820029,0.9828414,0.457579,-0.3052331,0.3320827,-0.07248216,0.3205139,0.1102697,0.9380074,-0.006205469,0.06997192,-0.07885647,0.6899252,-0.340488,0.6388044,0.4796366,3.620125,3.61804
11285,0.05970922,-0.3833236,0.1968355,-0.08848724,0.1529323,-0.04957709,0.9830177,0.457621,-0.3040367,0.3324471,-0.07205189,0.3212728,0.1104941,0.9377545,-0.005936682,0.07099128,-0.07942963,0.6884778,-0.3386669,0.6413292,0.4765609,3.614722,3.621863
11306,0.06019905,-0.3843768,0.1967573,-0.08817302,0.1519665,-0.0516975,0.9830865,0.4573349,-0.3026465,0.3326817,-0.07463609,0.3220941,0.1115553,0.9371448,-0.005705446,0.07165754,-0.07976151,0.6868064,-0.3381106,0.6434114,0.4747702,3.61741,3.5802
11329,0.06038168,-0.3847159,0.196806,-0.088165,0.1516831,-0.05196227,0.983117,0.4570741,-0.3014141,0.3331165,-0.0771802,0.3217327,0.1100797,0.9372373,-0.005356431,0.07224953,-0.080019,0.6851512,-0.3368755,0.6458195,0.4748991,3.63213,3.562751
11351,0.06060711,-0.3851745,0.1967421,-0.08790331,0.1520615,-0.05132713,0.9831154,0.4564854,-0.3003019,0.3335228,-0.07956967,0.3213292,0.1080826,0.9374083,-0.005129606,0.0728755,-0.08016777,0.6842453,-0.3362062,0.6471272,0.4814515,3.628548,3.559767
11385,0.06113186,-0.385873,0.1967459,-0.08723325,0.1520959,-0.05050848,0.9832122,0.4551391,-0.2991956,0.3343391,-0.08072415,0.3206106,0.1069294,0.9376879,-0.004786432,0.0737468,-0.08027363,0.6813453,-0.340115,0.6481438,0.4819741,3.597127,3.539594
11407,0.06111243,-0.3862509,0.1966419,-0.08678088,0.1516408,-0.05011051,0.9833428,0.4540385,-0.2986821,0.3350067,-0.08042122,0.319005,0.1057329,0.9383969,-0.004559487,0.0741595,-0.08032131,0.6799328,-0.3416796,0.6488038,0.4793451,3.580905,3.534303
11429,0.06149974,-0.3867537,0.196456,-0.08691779,0.1514926,-0.05084806,0.9833157,0.4530405,-0.2981735,0.3355827,-0.08113366,0.3179312,0.1047523,0.9388099,-0.004353523,0.07445371,-0.08028507,0.6778598,-0.3444548,0.6495051,0.4860655,3.559228,3.526655
11452,0.06192616,-0.3874565,0.1962175,-0.08694673,0.1516855,-0.05135611,0.983257,0.4520716,-0.2976375,0.3361578,-0.08247115,0.3167237,0.1053179,0.9390382,-0.004141867,0.07489419,-0.08016396,0.6761993,-0.3457721,0.6505352,0.4881023,3.541686,3.511188
11486,0.0618948,-0.388355,0.1961374,-0.08597172,0.1513919,-0.05062805,0.9834257,0.4507448,-0.2970202,0.336936,-0.08271901,0.3142395,0.1077731,0.9395723,-0.004003823,0.07617331,-0.07983303,0.6525767,-0.3281946,0.6829582,0.5931457,3.854386,3.525914
11505,0.06179503,-0.3888671,0.1960573,-0.08530413,0.1509235,-0.05024344,0.9835756,0.4501518,-0.2968218,0.3371592,-0.08196278,0.3141042,0.1101717,0.9394056,-0.004035264,0.07737982,-0.07958984,0.6107657,-0.2150546,0.7620476,0.9859196,3.903908,3.586075
11525,0.06164411,-0.3892542,0.1960258,-0.08501133,0.1503761,-0.05015834,0.9836891,0.4497804,-0.2963606,0.3374453,-0.0825678,0.3142309,0.1112251,0.9391861,-0.004089147,0.07918763,-0.07923126,0.5811883,-0.142409,0.8012116,0.3422943,2.416978,3.843986
11559,0.06111053,-0.3900393,0.1960945,-0.08427038,0.1496408,-0.04996555,0.9838748,0.44878,-0.2953621,0.3378143,-0.08534302,0.3138232,0.1098164,0.9392401,-0.004089147,0.07918763,-0.07923126,0.5811883,-0.142409,0.8012116,0.3422943,2.416978,3.843986
11580,0.0607256,-0.3906122,0.19627,-0.08353291,0.1495785,-0.04934118,0.9839787,0.4482621,-0.294809,0.338191,-0.08715932,0.3122237,0.1095177,0.9396412,-0.005648285,0.08637571,-0.07898712,0.4887366,-0.07776506,0.8689586,2,0,3.346403
11603,0.06063023,-0.3917038,0.1963463,-0.08221921,0.1493004,-0.04884496,0.9841563,0.4478935,-0.2942352,0.3383369,-0.08890405,0.3099017,0.1093851,0.9402617,-0.006855458,0.09001124,-0.07929325,0.4948795,0.004841462,0.8689481,0.396017,3.145549,3.318456
11625,0.06101647,-0.3934591,0.1966448,-0.07975919,0.1486954,-0.0502242,0.9843809,0.4477591,-0.2940538,0.3384418,-0.08983044,0.3097936,0.1101539,0.9401194,-0.008123487,0.09359443,-0.07966042,0.467445,0.06119166,0.8819018,0.5923598,3.712382,3.423464
11660,0.06087533,-0.3953129,0.1975155,-0.07609792,0.1471977,-0.05094372,0.9848588,0.4480528,-0.2940491,0.3384495,-0.08976135,0.3113956,0.1109611,0.9395016,-0.009986371,0.09905303,-0.08033752,0.4468529,0.08276515,0.8907707,0.7678947,3.622512,3.454327
11682,0.06113997,-0.3962615,0.1980658,-0.07483502,0.1469014,-0.05122065,0.9849854,0.4481958,-0.2944926,0.3386908,-0.08782334,0.3129741,0.1122046,0.9390125,-0.01128605,0.1019781,-0.08080196,0.4405114,0.09989601,0.8921717,0.7732132,3.670117,3.464421
11705,0.06134573,-0.3966891,0.1985235,-0.07477709,0.1472043,-0.05158045,0.9849257,0.4483158,-0.2947702,0.3392467,-0.08529901,0.3128499,0.1132765,0.9391579,-0.0125995,0.1045274,-0.08155251,0.4362598,0.08260281,0.8960212,0.7140417,3.566298,3.458123
11728,0.06138471,-0.3966755,0.1988392,-0.07563652,0.1476466,-0.05289445,0.9847243,0.4480821,-0.2947783,0.3397007,-0.08566379,0.3120038,0.1111541,0.9396596,-0.01390421,0.1069402,-0.08241844,0.4313257,0.06855398,0.8995879,0.7536313,3.542657,3.441601
11750,0.06130305,-0.3966941,0.1990538,-0.07625028,0.147815,-0.05156348,0.9847223,0.4477457,-0.294383,0.3398085,-0.08835504,0.3122567,0.1077916,0.9397181,-0.01529771,0.1093215,-0.08349705,0.4371392,0.05681524,0.8975976,0.8013085,3.530702,3.435318
11785,0.06107357,-0.3967212,0.1995602,-0.07578465,0.1480071,-0.05112204,0.9847524,0.4473592,-0.2939626,0.3404551,-0.08987992,0.3113498,0.1059205,0.9400871,-0.01747668,0.1125367,-0.08524799,0.4449814,0.04642061,0.8943359,0.771958,3.556322,3.394553
11806,0.06109193,-0.3970522,0.199707,-0.0751513,0.147955,-0.05111972,0.9848088,0.4470891,-0.2939223,0.3408909,-0.08960657,0.3120373,0.1075245,0.9397031,-0.01870009,0.1142092,-0.08637619,0.4462757,0.04314163,0.893855,0.7483155,3.559081,3.427157
11828,0.06114152,-0.3975211,0.1998491,-0.07447232,0.1480215,-0.05094901,0.9848592,0.4470939,-0.293802,0.3413467,-0.09004412,0.3127265,0.1078226,0.9393979,-0.02016923,0.1158459,-0.08733463,0.4442078,0.06626706,0.8934696,0.7447801,3.54382,3.433984
11850,0.06100538,-0.3979192,0.2000504,-0.07359375,0.1484103,-0.0506713,0.9848811,0.4467675,-0.2934713,0.3418961,-0.09081145,0.3119216,0.1072846,0.9396533,-0.0213553,0.1173161,-0.08825874,0.4346488,0.09423983,0.8956558,0.7306637,3.572036,3.433334
11884,0.06061092,-0.3985749,0.2003384,-0.07253142,0.148367,-0.05095676,0.9849517,0.4460768,-0.2931458,0.3427534,-0.09282792,0.3115011,0.106562,0.9396779,-0.0230054,0.1191498,-0.08942032,0.4265427,0.129503,0.8951483,0.6794997,3.545047,3.42868
11904,0.06013432,-0.3988355,0.2004595,-0.07195,0.1477642,-0.0518574,0.985038,0.4456872,-0.2931234,0.3432922,-0.09160824,0.3115931,0.1068706,0.9397321,-0.02394909,0.1199722,-0.09005356,0.4260388,0.1330976,0.8948609,0.6516228,3.541759,3.430876
11927,0.0595341,-0.3990083,0.2005367,-0.07143719,0.1471218,-0.05145485,0.9851925,0.4450857,-0.293014,0.3438005,-0.09057833,0.3124888,0.1082149,0.9393806,-0.02485839,0.1206467,-0.09073257,0.4277076,0.1357299,0.8936686,0.6448972,3.536197,3.417061
11950,0.05916002,-0.3992716,0.2004128,-0.07130745,0.1470991,-0.05071835,0.9852436,0.4444338,-0.2924223,0.3441963,-0.09124348,0.3131014,0.1086095,0.9390666,-0.0255969,0.1211694,-0.09139538,0.4321794,0.1285266,0.8925816,0.6540663,3.520923,3.410432
11981,0.05794087,-0.3991108,0.2004585,-0.07130882,0.146654,-0.05066581,0.9853125,0.4430181,-0.2908763,0.3448477,-0.09332326,0.3122633,0.1080099,0.9392105,-0.02624424,0.1216854,-0.09211636,0.4363713,0.1150322,0.8923832,0.6637449,3.535922,3.399799
12002,0.05721179,-0.3989922,0.2006025,-0.07146657,0.145763,-0.05031126,0.9854514,0.4415852,-0.2892531,0.3455973,-0.09553088,0.3104698,0.1067972,0.9397216,-0.0263368,0.1216313,-0.0924921,0.4408842,0.1086818,0.8909598,0.6685379,3.53988,3.393163
12025,0.0566037,-0.3989526,0.2008057,-0.07161123,0.1448135,-0.05016716,0.9855883,0.4398808,-0.2869611,0.346468,-0.09716423,0.3089502,0.1062734,0.9401143,-0.02623104,0.1214342,-0.09288979,0.4469391,0.09898958,0.8890706,0.6593773,3.450727,3.39156
12057,0.05523327,-0.3988531,0.2012339,-0.07109593,0.1427852,-0.05002559,0.9859287,0.4369339,-0.2821558,0.3476591,-0.1000361,0.3066545,0.1020724,0.9410298,-0.02570747,0.12075,-0.09338665,0.4558282,0.08978432,0.8855277,0.6560243,3.470946,3.397612
12080,0.05451337,-0.3983611,0.2014275,-0.07180079,0.1417378,-0.04994421,0.9860327,0.4348814,-0.2778431,0.3491821,-0.1024656,0.3042638,0.09778643,0.9419991,-0.0250366,0.1201454,-0.09358501,0.461863,0.08339489,0.883022,0.652811,3.472747,3.399706
12106,0.05385461,-0.3981192,0.2017555,-0.07294386,0.1406161,-0.05019586,0.9860967,0.4316999,-0.2712727,0.3513231,-0.105608,0.2982193,0.1003581,0.9433135,-0.02409703,0.1192465,-0.09367657,0.5488037,0.03978045,0.8350042,0.7187414,3.549384,3.635378
12129,0.05330029,-0.398017,0.2021761,-0.07272093,0.1393374,-0.05025228,0.9862918,0.4288558,-0.2646255,0.3533287,-0.1089898,0.2913746,0.1073084,0.9443024,-0.02303478,0.1183121,-0.09370613,0.6402929,-0.03091186,0.7675086,0.713187,3.493722,3.554229
12150,0.05272356,-0.3980684,0.2025833,-0.07153388,0.1383658,-0.0491794,0.9865694,0.426345,-0.2566103,0.3552876,-0.1144404,0.2848725,0.1131774,0.9449561,-0.021916,0.1171267,-0.09375763,0.665705,-0.06933743,0.7429867,0.6030188,3.4454,3.493302
12195,0.05244866,-0.3976276,0.2027349,-0.07113428,0.1380807,-0.04803836,0.9866945,0.4231991,-0.2378573,0.3579578,-0.1276232,0.2808614,0.1204248,0.9435714,-0.01959631,0.1144031,-0.09396648,0.674319,-0.09474149,0.7323373,0.6019666,3.40202,3.484184
12205,0.05266967,-0.3974891,0.2025318,-0.07167637,0.1383243,-0.04781308,0.986632,0.4226224,-0.2329636,0.3585663,-0.1312604,0.2793822,0.1233854,0.9431291,-0.01890627,0.1136729,-0.09404564,0.6755133,-0.09682836,0.7309625,0.5995354,3.411757,3.522245
12228,0.05282941,-0.3970294,0.2022095,-0.07272904,0.1389394,-0.04736172,0.9864904,0.4213327,-0.2227046,0.3599682,-0.1381092,0.2764761,0.1336956,0.9416009,-0.01754811,0.1123178,-0.09411716,0.679101,-0.1025093,0.7268518,0.5913361,3.396726,3.538021
12250,0.0534884,-0.3967193,0.2017431,-0.07336245,0.1400078,-0.04699344,0.98631,0.4200522,-0.2120389,0.3616238,-0.1450065,0.2732574,0.1456701,0.9397254,-0.01624781,0.1109669,-0.09411335,0.6833122,-0.1030119,0.722823,0.5532525,3.385507,3.497357
12285,0.05415908,-0.3959556,0.2009106,-0.07295503,0.142417,-0.04510085,0.9860836,0.4186098,-0.1941673,0.3644066,-0.1554042,0.2661113,0.1617302,0.9374847,-0.01416665,0.1088227,-0.09401417,0.6839392,-0.096209,0.7231673,0.5513071,3.426626,3.524554
12307,0.05474737,-0.3956952,0.2004051,-0.07325296,0.1440059,-0.04357698,0.9858993,0.4179489,-0.1829035,0.3657627,-0.161866,0.2618102,0.1688366,0.9363488,-0.01295629,0.1076223,-0.09385014,0.6826389,-0.09340642,0.7247616,0.5653855,3.432847,3.518912
12328,0.05526605,-0.3953009,0.1999531,-0.07417455,0.145471,-0.04404425,0.9855945,0.4171521,-0.1711413,0.3669062,-0.1688456,0.2568668,0.1737823,0.9355802,-0.01188427,0.1064801,-0.09363556,0.6771227,-0.0899602,0.7303507,0.5463557,3.42584,3.470272
12350,0.05572322,-0.3950198,0.1993828,-0.07542402,0.146538,-0.04520708,0.9852889,0.4160775,-0.1582024,0.367383,-0.1771673,0.2527832,0.1759149,0.9347547,-0.0108754,0.1053445,-0.09338665,0.6720884,-0.08678401,0.7353678,0.5076266,3.419859,3.438059
12384,0.05600896,-0.3944201,0.1988525,-0.07571594,0.1471956,-0.0435621,0.9852426,0.4143476,-0.1381454,0.3671713,-0.1900523,0.2495375,0.1808331,0.9321537,-0.009518027,0.1037303,-0.09277248,0.6688742,-0.08342811,0.7386792,0.5261148,3.562839,3.489006
12417,0.05622211,-0.3941329,0.1987572,-0.07598546,0.147878,-0.042383,0.9851711,0.4114009,-0.1183882,0.3661995,-0.2047065,0.2450241,0.1906717,0.9282795,-0.008610517,0.1020163,-0.0921402,0.6809226,-0.142927,0.7182732,0.524727,3.527323,3.566033
12436,0.05638161,-0.3942114,0.1987658,-0.07644957,0.1479405,-0.04279459,0.985108,0.4087316,-0.1069632,0.3653946,-0.2127127,0.2405396,0.2010694,0.925454,-0.008290559,0.101007,-0.09170437,0.6803586,-0.1819572,0.7099322,0.5137784,3.507642,3.527388
12457,0.05651608,-0.3944758,0.1987915,-0.07653398,0.1478405,-0.04286315,0.9851135,0.4051825,-0.09421432,0.3642244,-0.2223319,0.2333427,0.2127703,0.9224145,-0.00783816,0.0999155,-0.09119129,0.6821333,-0.1956802,0.704559,0.4993291,3.508666,3.503539
12479,0.05643323,-0.3947374,0.1989174,-0.07589514,0.1471415,-0.04370789,0.9852304,0.4015962,-0.08208013,0.362896,-0.2321202,0.226822,0.2214708,0.9195775,-0.007399768,0.09896505,-0.09050274,0.682258,-0.1951288,0.7045913,0.4623873,3.510882,3.46555
12501,0.05656019,-0.395059,0.1990614,-0.07468363,0.1463865,-0.04415324,0.9854156,0.3981141,-0.07106137,0.3612108,-0.2411106,0.2214145,0.2267172,0.9173008,-0.006970495,0.09800601,-0.08994293,0.6799662,-0.195687,0.7066488,0.436783,3.550425,3.464994
12535,0.05689302,-0.3952388,0.1990061,-0.07389878,0.1470458,-0.04189197,0.9854753,0.3918869,-0.05740523,0.3590984,-0.2493639,0.209904,0.2371047,0.9151718,-0.006662428,0.09664536,-0.0892334,0.676552,-0.1883717,0.7118943,0.430807,3.605006,3.473754
12574,0.05775383,-0.3952699,0.1986761,-0.07376411,0.1488279,-0.04195743,0.9852151,0.3846931,-0.04415059,0.3571749,-0.2581608,0.1942382,0.2560159,0.9110875,-0.006437242,0.09512961,-0.08848953,0.6783436,-0.1688423,0.7150819,0.4525377,3.560743,3.536367
12604,0.0585337,-0.3948703,0.1985321,-0.07466751,0.1494992,-0.04231274,0.9850302,0.3797413,-0.03596544,0.3552876,-0.265946,0.1874755,0.271124,0.9058794,-0.006327748,0.09389961,-0.08795071,0.677964,-0.1571282,0.7181056,0.4551731,3.624153,3.514839
12625,0.05886236,-0.3943964,0.1984367,-0.07512695,0.1499453,-0.04103997,0.9849813,0.3769869,-0.03105259,0.353837,-0.2714055,0.1850133,0.2739024,0.9039285,-0.006355196,0.09315848,-0.08759975,0.6772026,-0.1545263,0.7193874,0.4506007,3.644415,3.503368
12635,0.0589861,-0.3940557,0.1983585,-0.07536017,0.1503303,-0.04044037,0.9849296,0.375878,-0.02879453,0.353199,-0.2738348,0.1839699,0.2732584,0.9036036,-0.006329328,0.09276497,-0.08746433,0.6769911,-0.1538413,0.7197334,0.4452956,3.641767,3.51467
12657,0.05962816,-0.3935596,0.198101,-0.07597656,0.1512485,-0.03987712,0.9847646,0.3738159,-0.02484787,0.3519955,-0.2772566,0.1818681,0.2722394,0.9032931,-0.006320655,0.09189808,-0.08712482,0.6762804,-0.1513996,0.7209182,0.4382571,3.626791,3.522384
12680,0.05993119,-0.3928077,0.1977453,-0.07709529,0.151946,-0.03953925,0.9845839,0.3720881,-0.02262294,0.3512268,-0.2773261,0.1790019,0.2731937,0.9035562,-0.006366402,0.09093988,-0.08686829,0.6747388,-0.1475886,0.7231495,0.4346469,3.615899,3.543566
12702,0.06024376,-0.3919934,0.1975403,-0.07842277,0.1521409,-0.03927829,0.9844594,0.3706163,-0.02089608,0.3505735,-0.2772981,0.1762962,0.2750386,0.903537,-0.00647977,0.09020245,-0.08679962,0.6741927,-0.1477311,0.7236296,0.4330739,3.604004,3.55838
12724,0.06058827,-0.3911245,0.1973724,-0.07978677,0.1526432,-0.03885022,0.984289,0.3693401,-0.01954305,0.3498592,-0.27845,0.1759883,0.2738139,0.9036148,-0.006660908,0.08946908,-0.08674908,0.6737006,-0.1452706,0.7245854,0.4298678,3.614448,3.558389
12772,0.06112137,-0.3895938,0.1971064,-0.08257576,0.1535621,-0.03908766,0.9839066,0.3676457,-0.01811409,0.3486176,-0.2822008,0.176116,0.2689879,0.9038758,-0.006902188,0.08817577,-0.08663559,0.6731167,-0.139501,0.7262598,0.4203309,3.612796,3.56372
12795,0.0613679,-0.3892435,0.1970196,-0.08235906,0.1538148,-0.03908663,0.9838853,0.3672928,-0.01813304,0.3482761,-0.2816345,0.1749865,0.2697679,0.9040393,-0.006935149,0.08757865,-0.08673859,0.6724029,-0.134852,0.7277975,0.4180318,3.611211,3.573521
12817,0.0615851,-0.3890903,0.1967363,-0.08206932,0.1541415,-0.03848689,0.983882,0.3672563,-0.01814222,0.3477192,-0.2813723,0.1732538,0.269761,0.9044566,-0.007028937,0.08710432,-0.08695316,0.6719401,-0.1335524,0.7284643,0.4173185,3.609692,3.575918
12839,0.06185833,-0.3889021,0.1963196,-0.08181182,0.1549035,-0.03789862,0.9838066,0.3674046,-0.01792526,0.3469248,-0.2831063,0.1746537,0.2664875,0.9046167,-0.007086396,0.08675706,-0.08709431,0.6707347,-0.1315478,0.7299385,0.4138531,3.602687,3.578727
12862,0.06252852,-0.3888848,0.1959543,-0.08203316,0.1557649,-0.03808605,0.983645,0.3679437,-0.01809227,0.3467865,-0.2839945,0.1783779,0.2646906,0.904139,-0.007197767,0.08645916,-0.0871954,0.6700336,-0.1307454,0.7307262,0.4123558,3.602605,3.575215
12883,0.06275168,-0.3887641,0.1955795,-0.08251224,0.1563114,-0.038672,0.9834953,0.3683855,-0.01867175,0.3464451,-0.2833287,0.1799019,0.2647293,0.9040346,-0.00730148,0.08610511,-0.08731079,0.6691017,-0.1286886,0.7319442,0.4096277,3.604405,3.574658
12906,0.0628368,-0.3886136,0.1951351,-0.08299562,0.1565644,-0.03867986,0.9834141,0.3689779,-0.01961124,0.3461246,-0.2814345,0.1801328,0.2652957,0.9044142,-0.007225633,0.08599687,-0.08764267,0.6679174,-0.1270338,0.7333135,0.4057296,3.592133,3.57004
12929,0.06298152,-0.3884588,0.1947861,-0.08346996,0.1572197,-0.03822113,0.9832873,0.3695973,-0.02061927,0.3459597,-0.2804737,0.1802175,0.2636012,0.9051909,-0.007310569,0.08579516,-0.08803654,0.6672813,-0.1239995,0.7344112,0.4019001,3.592171,3.573157
12952,0.06329456,-0.388292,0.1946392,-0.08370965,0.1580578,-0.03823898,0.9831318,0.3700279,-0.02134514,0.345952,-0.2801974,0.1815154,0.2622147,0.9054198,-0.007362545,0.08560061,-0.08838272,0.6670763,-0.1211076,0.7350797,0.4003215,3.587669,3.59336
12985,0.06348625,-0.3880293,0.1947174,-0.08353143,0.1577468,-0.03827881,0.9831954,0.3702852,-0.02274585,0.3457909,-0.2794341,0.1840168,0.2597528,0.9058603,-0.007612318,0.08530462,-0.08898067,0.6667951,-0.1208513,0.735377,0.3987226,3.576998,3.57861
13007,0.06354156,-0.3876854,0.1947432,-0.08376559,0.1575228,-0.03821075,0.9832141,0.3701722,-0.02398372,0.3456421,-0.2772302,0.1825397,0.2625276,0.9060364,-0.007676214,0.08516216,-0.08942604,0.6666304,-0.1217017,0.7353861,0.3980788,3.576773,3.575784
13029,0.06386319,-0.3873694,0.1946907,-0.08437896,0.1572518,-0.03853479,0.9831923,0.3698019,-0.02476704,0.345293,-0.2769979,0.1797368,0.2642419,0.9061695,-0.007742167,0.08508015,-0.08984089,0.666722,-0.1219723,0.7352582,0.3980674,3.57767,3.574289
13051,0.06418887,-0.3870726,0.19454,-0.08500586,0.1572385,-0.03855027,0.9831399,0.3696555,-0.02530503,0.3446522,-0.2782269,0.1789265,0.2615458,0.9067353,-0.007894635,0.08498502,-0.09026337,0.6666232,-0.1220309,0.735338,0.398103,3.57781,3.578876
13082,0.06455508,-0.3864672,0.1940908,-0.08651373,0.1578517,-0.03888311,0.9828969,0.3704056,-0.02571964,0.3440876,-0.279227,0.17968,0.2560895,0.9078357,-0.00799489,0.08508658,-0.09075356,0.6665165,-0.1220899,0.7354248,0.3980149,3.570128,3.577654
13104,0.06462613,-0.3861319,0.1937189,-0.08687011,0.1583849,-0.0386228,0.9827899,0.3712696,-0.02624404,0.3435965,-0.2784963,0.1812703,0.2564155,0.907652,-0.00793457,0.08529413,-0.0911026,0.6666397,-0.1213571,0.7354347,0.3975994,3.563883,3.573833
13126,0.06472364,-0.38613,0.1933212,-0.08697554,0.1587803,-0.03865474,0.9827156,0.3720554,-0.02664292,0.3430843,-0.2776912,0.1837012,0.2585708,0.9067981,-0.007914513,0.08543694,-0.09150028,0.6665177,-0.1205286,0.7356814,0.3978092,3.555519,3.571755
13159,0.06445351,-0.3859003,0.1927195,-0.0879223,0.1593821,-0.04181984,0.9824043,0.3731207,-0.02697051,0.3425322,-0.2766421,0.1851979,0.2591032,0.9066622,-0.007748663,0.08562076,-0.09220505,0.6672149,-0.1191474,0.7352741,0.3977822,3.554871,3.571583
13193,0.06510153,-0.3858058,0.1917362,-0.09089113,0.1603464,-0.04668712,0.9817577,0.3735615,-0.0269984,0.341568,-0.2777829,0.1859737,0.2576032,0.9065821,-0.007584423,0.08581853,-0.09291744,0.6682558,-0.1186645,0.7344066,0.398437,3.558381,3.574405
13214,0.0655655,-0.3857642,0.1913118,-0.08976381,0.1621117,-0.04338229,0.9817231,0.3736636,-0.02711391,0.3412056,-0.2772896,0.1853591,0.2592533,0.9063886,-0.007430375,0.0859549,-0.09331989,0.6690226,-0.1184852,0.7337371,0.3991419,3.556416,3.57627
13225,0.06599775,-0.3859466,0.1911354,-0.08878051,0.1631584,-0.04214196,0.9816931,0.3735665,-0.02706361,0.3410892,-0.2771565,0.1849,0.2605332,0.9061561,-0.007389516,0.08606339,-0.09345341,0.6696271,-0.1186071,0.7331657,0.3996715,3.557999,3.580586
13258,0.06709829,-0.3863454,0.1904459,-0.08705381,0.1651692,-0.0420835,0.981514,0.3733839,-0.02714348,0.3403482,-0.2782027,0.1850767,0.2639889,0.9047982,-0.007252902,0.08613741,-0.09402275,0.6707633,-0.117015,0.7323824,0.4010462,3.557397,3.587713
13280,0.06754223,-0.3862783,0.1900673,-0.08764738,0.1653173,-0.04299729,0.9813967,0.3730208,-0.02735972,0.3399687,-0.2783036,0.1836167,0.267944,0.9039016,-0.007169545,0.08609915,-0.09436607,0.6713337,-0.1168495,0.7318861,0.4012586,3.55708,3.587545
13303,0.06803289,-0.3859911,0.189743,-0.09038488,0.1650284,-0.04579981,0.9810702,0.3726231,-0.02742171,0.3394947,-0.2797408,0.1829776,0.2698682,0.9030147,-0.007089466,0.08601558,-0.0947094,0.6718051,-0.1177073,0.7313159,0.4018923,3.557005,3.587253
13325,0.06849614,-0.3856273,0.1894083,-0.09345897,0.1647219,-0.04844544,0.9807065,0.3725931,-0.02730727,0.3389587,-0.2814318,0.1840785,0.2654979,0.9035608,-0.007033348,0.08595943,-0.09502125,0.6721068,-0.120441,0.7305933,0.4016143,3.558265,3.58869
13349,0.06869093,-0.3850785,0.1891174,-0.09699648,0.1641309,-0.05199401,0.9802803,0.3729726,-0.02717566,0.3379011,-0.2824714,0.1853749,0.2421432,0.9095124,-0.007034272,0.0858928,-0.09544563,0.6723416,-0.1218499,0.7301434,0.4017723,3.571396,3.589641
13383,0.06814471,-0.3843267,0.1895657,-0.09366655,0.1629107,-0.04518295,0.9811448,0.3773188,-0.02666235,0.3360767,-0.2813683,0.1858281,0.1362874,0.9315179,-0.007002473,0.08598709,-0.09587193,0.6727759,-0.1232601,0.7295064,0.4027314,3.57505,3.59112
13406,0.06792822,-0.3849773,0.1900415,-0.08300728,0.1639272,-0.02752933,0.9825884,0.3825752,-0.02694631,0.3347149,-0.2781054,0.1821529,0.0228992,0.9428433,-0.006873399,0.08609462,-0.09612751,0.6726441,-0.1237899,0.7295382,0.4038824,3.575292,3.592688
13428,0.06824818,-0.386085,0.1904106,-0.07228564,0.1671724,-0.01470232,0.9831643,0.3894848,-0.02795911,0.3327179,-0.2677049,0.1677416,-0.1215618,0.9409674,-0.006867468,0.0861553,-0.0963974,0.6727141,-0.1237357,0.7294828,0.4042591,3.573428,3.594799
13449,0.06845513,-0.3867183,0.1906128,-0.06611625,0.170354,-0.004602766,0.9831516,0.3936264,-0.03147721,0.3333712,-0.2418806,0.1581222,-0.1975604,0.936729,-0.006871641,0.0862453,-0.09665489,0.672682,-0.1237545,0.7295092,0.4048703,3.582387,3.595289
13484,0.06902328,-0.3868384,0.190239,-0.06718202,0.173416,-0.004687706,0.9825434,0.3973092,-0.03430295,0.3337927,-0.2422934,0.1640611,-0.2086164,0.9331973,-0.006767094,0.08662069,-0.09690762,0.6727738,-0.1226831,0.7296056,0.4047973,3.578369,3.586381
13506,0.06999674,-0.386223,0.1890907,-0.07812045,0.1727142,-0.02332884,0.9815919,0.3975903,-0.03272581,0.3329487,-0.259257,0.1843606,-0.1471763,0.9365555,-0.006576806,0.08686233,-0.09692478,0.6726704,-0.1204581,0.7300715,0.4044963,3.580722,3.580849
13528,0.0713183,-0.3836694,0.1870537,-0.1022982,0.1683426,-0.05944474,0.9786022,0.3931746,-0.0314641,0.3325405,-0.2723411,0.2065716,-0.03610165,0.9390714,-0.00649327,0.08710623,-0.09700203,0.6727512,-0.1180822,0.730385,0.4041591,3.581564,3.588207
13550,0.07223764,-0.380073,0.1851196,-0.1241296,0.166118,-0.08052498,0.9749423,0.3844737,-0.03302443,0.3345547,-0.2711792,0.2207506,0.1141495,0.929893,-0.006334215,0.08743727,-0.0970459,0.673461,-0.1167477,0.7299454,0.4041433,3.589479,3.603408
13583,0.07388178,-0.3765966,0.1829653,-0.1399946,0.169265,-0.09780936,0.9706618,0.3671059,-0.04471374,0.3416576,-0.2472866,0.2092229,0.3906152,0.8616815,-0.006089032,0.08793747,-0.0970459,0.67403,-0.1157419,0.7295803,0.4045795,3.591652,3.598938
13606,0.07505766,-0.376178,0.1824608,-0.1380186,0.1733754,-0.1019896,0.9697886,0.3589233,-0.05246305,0.3449001,-0.2324395,0.1928106,0.5092995,0.8058598,-0.005959928,0.08816123,-0.09709358,0.6741543,-0.1156192,0.7294848,0.4047941,3.593245,3.599335
13628,0.07559243,-0.3760588,0.182354,-0.1336793,0.1752843,-0.09974493,0.9702867,0.3540625,-0.04892635,0.3446646,-0.2397004,0.1899572,0.4848933,0.8193525,-0.005880535,0.08842599,-0.09716129,0.6739483,-0.1161724,0.7295872,0.4061661,3.596182,3.601542
13650,0.07533398,-0.3753721,0.1825743,-0.1305639,0.1752801,-0.08894787,0.9717604,0.3560397,-0.04219985,0.3410568,-0.2599466,0.1900543,0.3021845,0.8972133,-0.005907029,0.08878314,-0.09726906,0.6739385,-0.1171266,0.7294438,0.4083143,3.603457,3.599352
13684,0.07599369,-0.3750325,0.1825171,-0.1308717,0.176772,-0.07884203,0.9723211,0.373979,-0.04423332,0.3388472,-0.2422151,0.1521335,-0.136799,0.9484057,-0.00606519,0.08927941,-0.09740734,0.6738598,-0.1164093,0.7296312,0.4104804,3.638743,3.606368
13706,0.07604161,-0.375839,0.1828079,-0.1291801,0.1774913,-0.08019316,0.9723057,0.3795697,-0.0450418,0.3411961,-0.2158118,0.1448897,-0.1675555,0.9509771,-0.006121993,0.08964109,-0.09744263,0.6738243,-0.1149753,0.7298914,0.4110648,3.649523,3.607624
13728,0.07582751,-0.3770467,0.1832237,-0.1259449,0.1766362,-0.08080473,0.9728351,0.378617,-0.04130495,0.3396368,-0.2397423,0.1570936,-0.0623859,0.956009,-0.006177932,0.09009945,-0.09743595,0.6736007,-0.114271,0.7302083,0.4111072,3.64152,3.60461
13751,0.07542863,-0.3785834,0.1836386,-0.1220062,0.1747158,-0.08079321,0.9736844,0.3728649,-0.03574395,0.3351994,-0.2812628,0.1854585,0.1047864,0.9356902,-0.006092757,0.09054685,-0.09749794,0.6731692,-0.1143548,0.7305931,0.4113941,3.633564,3.611003
13784,0.07473388,-0.3807846,0.1841784,-0.1152761,0.1737749,-0.07644322,0.9750232,0.3635558,-0.03516102,0.3348866,-0.2902099,0.2207892,0.3342498,0.8690842,-0.006204754,0.09101868,-0.09762287,0.672635,-0.116595,0.730731,0.411981,3.633938,3.615826
13817,0.07418218,-0.3824975,0.1845598,-0.1100219,0.1746017,-0.07528298,0.9755726,0.3691637,-0.0304091,0.3312092,-0.2967707,0.2205543,0.1661347,0.9141566,-0.00622496,0.091524,-0.09781075,0.6726542,-0.1196576,0.7302181,0.4118081,3.651966,3.619976
13837,0.07403389,-0.3833444,0.1848412,-0.1077952,0.1746448,-0.07417075,0.9758986,0.3803455,-0.03476572,0.3313169,-0.2894397,0.1721422,-0.1431304,0.9306479,-0.006273746,0.09188437,-0.097929,0.6728418,-0.12041,0.7299215,0.4110296,3.65488,3.622669
13856,0.07366958,-0.3837634,0.1851845,-0.1058254,0.1737661,-0.07107655,0.9765012,0.3824598,-0.04015768,0.3356228,-0.2458336,0.1252052,-0.2972085,0.9140879,-0.006459594,0.09234726,-0.09795475,0.6729969,-0.1209147,0.729695,0.4103688,3.657027,3.619042
13879,0.07289162,-0.3837006,0.1856766,-0.1050159,0.1723743,-0.06898395,0.9769852,0.3819255,-0.03877831,0.3369226,-0.2400458,0.1187773,-0.2461278,0.9314994,-0.0066773,0.09294486,-0.09781837,0.6728516,-0.1220722,0.7296364,0.4102946,3.646229,3.623919
13902,0.07296219,-0.383521,0.1858988,-0.1085903,0.1707065,-0.07282137,0.9766087,0.3776235,-0.0296334,0.3313408,-0.3098537,0.1718117,-0.005661759,0.9351147,-0.006824851,0.0936023,-0.09762383,0.6723927,-0.1194384,0.7304947,0.4113418,3.645822,3.6297
13934,0.07258978,-0.382672,0.1858397,-0.1132535,0.1690078,-0.07671398,0.9760764,0.3669547,-0.02948415,0.331109,-0.314191,0.2425945,0.3352203,0.8544351,-0.00696829,0.09449363,-0.09736824,0.6713848,-0.1162198,0.7319394,0.4151823,3.645231,3.657914
13957,0.07233062,-0.3821455,0.1858311,-0.1135201,0.1684331,-0.07534987,0.9762509,0.3672675,-0.02676499,0.3291245,-0.3055232,0.2385474,0.2939838,0.8736843,-0.007123917,0.09493375,-0.09720325,0.6709964,-0.1146773,0.7325387,0.4177175,3.652973,3.679236
13983,0.07211009,-0.3817359,0.1859045,-0.1126013,0.1687888,-0.07168642,0.9765717,0.3807434,-0.02759469,0.3263845,-0.3117367,0.1996489,-0.05782914,0.927155,-0.007324398,0.095245,-0.09704494,0.6698328,-0.1180538,0.733067,0.4219597,3.663984,3.685791
14004,0.07233444,-0.3814975,0.1859703,-0.1124714,0.1699522,-0.07050768,0.9764708,0.3882546,-0.03980994,0.3329554,-0.2489981,0.1527529,-0.2965952,0.9092292,-0.007588714,0.09554493,-0.0968399,0.6692811,-0.1230697,0.732746,0.4281859,3.666087,3.679115
14027,0.07261458,-0.3813083,0.1860113,-0.1131267,0.1705443,-0.07037891,0.9763011,0.3898415,-0.04555225,0.3386688,-0.2093176,0.1405389,-0.2967295,0.921079,-0.007807612,0.09585476,-0.09657574,0.668811,-0.1269702,0.7325097,0.4325513,3.639748,3.659934
14059,0.07330814,-0.3816121,0.1859045,-0.1135936,0.1706476,-0.07030207,0.9762344,0.3811208,-0.03686821,0.3360081,-0.2561457,0.2386192,0.1465752,0.9251843,-0.007944763,0.09669471,-0.09595776,0.6679559,-0.1293007,0.7328823,0.4363705,3.642089,3.65253
14081,0.07352915,-0.3818501,0.1857176,-0.1145996,0.1710761,-0.07314514,0.9758329,0.3779749,-0.03717065,0.336134,-0.2448461,0.2786774,0.32824,0.8687047,-0.007942468,0.0972538,-0.0955925,0.6682271,-0.125955,0.7332175,0.4391826,3.642759,3.656286
14104,0.07381812,-0.3821999,0.1856041,-0.1144634,0.1721269,-0.07319252,0.9756604,0.3774764,-0.03166914,0.3333359,-0.2472327,0.2955754,0.3024822,0.8717888,-0.007931322,0.09766746,-0.09534359,0.6687981,-0.1236633,0.7330869,0.4446432,3.642947,3.650645
14127,0.07434836,-0.38279,0.185421,-0.1150717,0.1725328,-0.07627375,0.9752811,0.388924,-0.0319469,0.3292255,-0.2879569,0.2308165,-0.08653154,0.925374,-0.007981598,0.09803712,-0.09510517,0.6698738,-0.1238384,0.7320745,0.4486173,3.649259,3.646311
14161,0.07486239,-0.3828905,0.1852598,-0.116155,0.1723188,-0.08001594,0.9748906,0.3836118,-0.0450232,0.3411884,-0.1980304,0.1483911,-0.2773137,0.9283648,-0.008292228,0.09852755,-0.09457016,0.6704916,-0.1278398,0.73082,0.4529362,3.641575,3.648702
14182,0.07533756,-0.382938,0.1849766,-0.115123,0.1731984,-0.0773426,0.9750729,0.3804344,-0.04478931,0.3421917,-0.2108987,0.145376,-0.1582047,0.9536031,-0.008422017,0.09879899,-0.09416103,0.6699997,-0.1293507,0.7310054,0.4543876,3.635705,3.654844
14205,0.07573238,-0.3829167,0.184618,-0.1139053,0.175588,-0.07230496,0.9751751,0.3678783,-0.03511,0.3374052,-0.2791206,0.2024502,0.1884731,0.9195562,-0.008526415,0.09916115,-0.09370422,0.66907,-0.1312214,0.7315233,0.4539134,3.636664,3.649698
14226,0.07645503,-0.3832605,0.1842041,-0.1130795,0.1779582,-0.07165511,0.9748895,0.3582524,-0.03600478,0.3379955,-0.2832273,0.2372547,0.430072,0.8237297,-0.008634776,0.09943962,-0.09325695,0.6681314,-0.1315156,0.7323279,0.4536599,3.64224,3.641704
14249,0.07720628,-0.3837664,0.1839638,-0.1111953,0.1789798,-0.07122362,0.9749508,0.3583252,-0.02772498,0.3334904,-0.3009736,0.2548623,0.4161228,0.8193302,-0.008771956,0.09951913,-0.09284973,0.66741,-0.131772,0.7329394,0.4513997,3.650944,3.642414
14282,0.07744732,-0.3839018,0.1845007,-0.1072842,0.1790609,-0.0660345,0.9757391,0.3802291,-0.02525735,0.3245716,-0.3566451,0.1855849,-0.08836374,0.9113476,-0.009108037,0.09933007,-0.09222698,0.6663227,-0.1383026,0.7327254,0.445179,3.637668,3.616815
14305,0.0775179,-0.3840256,0.184701,-0.1055879,0.1795295,-0.06112984,0.9761575,0.3821837,-0.03273368,0.3337746,-0.2830204,0.1215388,-0.2507571,0.9177411,-0.009307951,0.09907353,-0.09196854,0.6658214,-0.1445372,0.7319773,0.4413843,3.636973,3.610067
14326,0.07789198,-0.3844842,0.1846085,-0.1067608,0.1802464,-0.06312786,0.9757706,0.3819851,-0.03103757,0.3337469,-0.3058333,0.1258735,-0.1452225,0.9324872,-0.009605527,0.09888232,-0.09170246,0.6653358,-0.1502261,0.7312732,0.4398173,3.632548,3.597953
14349,0.07822385,-0.384653,0.1844511,-0.1090456,0.1800736,-0.06749308,0.9752576,0.3564231,-0.027349,0.3289337,-0.3731917,0.2002389,0.3080187,0.8519136,-0.009769291,0.09880638,-0.09140396,0.665255,-0.1527349,0.7308268,0.4362492,3.63218,3.597435
14383,0.07805958,-0.3848126,0.1850147,-0.1074904,0.1791991,-0.06516601,0.9757494,0.3445837,-0.03219795,0.332242,-0.351786,0.2363317,0.5614201,0.7107752,-0.009700507,0.09857941,-0.09079361,0.6655743,-0.1529189,0.7304975,0.4324943,3.612234,3.594327
14406,0.07794634,-0.3852304,0.1855726,-0.1036352,0.1793395,-0.06185422,0.9763561,0.3607134,-0.01793027,0.3206549,-0.39096,0.206753,0.1740318,0.8798389,-0.009685934,0.09828985,-0.09045982,0.6653808,-0.1553515,0.7301605,0.429155,3.549757,3.577006
14439,0.07810917,-0.3857948,0.1862516,-0.1020104,0.1788131,-0.06137112,0.9766542,0.3782438,-0.02820897,0.3266239,-0.333674,0.14548,-0.2422859,0.8993302,-0.009655744,0.09780288,-0.0900507,0.665501,-0.1599441,0.7290585,0.4259551,3.562771,3.556699
14459,0.07843414,-0.385682,0.1863327,-0.1045486,0.1790276,-0.06349057,0.9762109,0.3823208,-0.02708375,0.331152,-0.3055479,0.1474898,-0.1921294,0.9208548,-0.009522796,0.09746873,-0.08983517,0.6661931,-0.1619244,0.7279884,0.4269664,3.582306,3.556425
14479,0.07876101,-0.3854848,0.186347,-0.1074191,0.1793033,-0.0667756,0.9756293,0.3729393,-0.02229333,0.329628,-0.3221762,0.1990466,0.03982624,0.9246604,-0.009281009,0.09724474,-0.08959007,0.6668667,-0.1623784,0.7272703,0.4274585,3.580941,3.553801
14502,0.07925764,-0.3853736,0.1863394,-0.1089092,0.1795452,-0.06841236,0.9753062,0.3617131,-0.01986969,0.3294086,-0.3336084,0.2315026,0.2378717,0.8823429,-0.008991718,0.09692991,-0.08935452,0.6672809,-0.1621419,0.7269431,0.4277479,3.573914,3.551789
14536,0.07984987,-0.3851707,0.1865444,-0.1071465,0.1808186,-0.06490235,0.975506,0.3561393,-0.01315236,0.3259525,-0.3542831,0.2424913,0.256198,0.8660508,-0.008590013,0.09619963,-0.08904839,0.6683853,-0.1612419,0.7261282,0.4261495,3.580703,3.563236
14557,0.08054724,-0.3850332,0.1868057,-0.1066929,0.182948,-0.06398251,0.9752194,0.3603543,-0.01119852,0.3242607,-0.3637843,0.2154944,0.126364,0.8973603,-0.008348078,0.09555173,-0.08890533,0.6694961,-0.1618569,0.7249672,0.4253181,3.558771,3.568768
14580,0.08118334,-0.384797,0.1867514,-0.1086382,0.184292,-0.0659002,0.9746237,0.361658,-0.01433182,0.3281813,-0.3412014,0.185445,0.04264356,0.9205288,-0.008123636,0.09503102,-0.08873081,0.6704119,-0.1620722,0.7240721,0.4253204,3.537299,3.567725
14616,0.08181229,-0.384015,0.1865015,-0.1130579,0.1850388,-0.06727301,0.9738855,0.3579334,-0.01734972,0.3321457,-0.3194409,0.1775468,0.06922174,0.9282473,-0.007838488,0.09455407,-0.08837414,0.671257,-0.1614447,0.7234292,0.4244936,3.527587,3.57077
14639,0.08242264,-0.3838158,0.1861467,-0.1151134,0.1855017,-0.06849026,0.9734717,0.3535158,-0.015818,0.3308487,-0.3340733,0.187474,0.1299666,0.9145257,-0.007772177,0.09437144,-0.08807945,0.6709985,-0.1562931,0.7247989,0.4249205,3.529675,3.574048
14661,0.08253255,-0.3836243,0.1860752,-0.1148701,0.1863611,-0.06710191,0.973433,0.3497149,-0.01331306,0.3284721,-0.3495594,0.1957292,0.1706616,0.9002072,-0.007666588,0.09423125,-0.08778,0.6705884,-0.149449,0.7266197,0.4250908,3.559964,3.593737
14684,0.08255473,-0.383544,0.1861496,-0.1141231,0.1872272,-0.06501239,0.9734964,0.3485185,-0.01166296,0.3268089,-0.3559685,0.1982291,0.1717761,0.8969307,-0.007608652,0.09415352,-0.08749008,0.6700603,-0.1461586,0.7277753,0.424938,3.547691,3.595532
14705,0.08256856,-0.3836219,0.1863708,-0.1144691,0.187232,-0.06598845,0.9733892,0.3493103,-0.01084232,0.3259554,-0.3571836,0.1947331,0.1455324,0.9018422,-0.007495642,0.09402406,-0.08720493,0.6694403,-0.142926,0.7289869,0.4254813,3.529372,3.60756
14728,0.08243194,-0.3836087,0.1868095,-0.1151352,0.1865388,-0.06800857,0.9733047,0.3503491,-0.01079607,0.3261013,-0.3524064,0.1902666,0.1183674,0.908624,-0.007454842,0.09398639,-0.08684158,0.6685833,-0.1424804,0.7298602,0.4238017,3.519862,3.597951
14750,0.08220449,-0.3837849,0.1875134,-0.1146688,0.1854774,-0.06830038,0.9735422,0.3501753,-0.01085186,0.3266354,-0.3476223,0.1896526,0.1155472,0.9109553,-0.007460505,0.09382761,-0.08641243,0.6672844,-0.1423569,0.7310719,0.4220073,3.516567,3.598439
14783,0.08210436,-0.3843004,0.1882229,-0.1132754,0.1848164,-0.06762102,0.9738783,0.348555,-0.009538412,0.3259964,-0.3513979,0.1914755,0.125229,0.9078405,-0.007490337,0.0936141,-0.08583355,0.666051,-0.1439972,0.7318749,0.4208713,3.510488,3.587213
14804,0.08200374,-0.3844756,0.1886234,-0.1123905,0.1848693,-0.06667256,0.9740362,0.3477425,-0.008304596,0.3251829,-0.3551754,0.1919708,0.1294902,0.9056655,-0.007332087,0.09350836,-0.08556652,0.6652253,-0.144574,0.7325119,0.4182746,3.488792,3.593823
14826,0.08191624,-0.3846481,0.1890411,-0.1117604,0.184728,-0.06644893,0.9741508,0.3469743,-0.007027626,0.3244677,-0.3590591,0.190939,0.1322872,0.9039463,-0.007221222,0.09349263,-0.0852747,0.6648999,-0.1443193,0.7328574,0.4143267,3.485956,3.604198
14859,0.08225241,-0.3846706,0.1893854,-0.1131524,0.1839363,-0.06805307,0.9740292,0.3432275,-0.006471038,0.3246193,-0.3634699,0.1901694,0.1744508,0.8951492,-0.006947428,0.09366512,-0.08488178,0.6653509,-0.1409788,0.7330984,0.4048724,3.525271,3.589971
14881,0.08255211,-0.3844129,0.189414,-0.1151122,0.184487,-0.06878894,0.9736436,0.3396141,-0.00589931,0.3248138,-0.3683301,0.1895498,0.2091019,0.8858218,-0.006762028,0.09387267,-0.08461952,0.6664621,-0.1380661,0.7326431,0.4009605,3.534352,3.570756
14903,0.08301273,-0.3841618,0.1893778,-0.1162687,0.1856328,-0.06929947,0.9732521,0.3384046,-0.004820228,0.3245125,-0.3737261,0.1884546,0.2103205,0.8835038,-0.006644189,0.0941838,-0.08440113,0.6675888,-0.1364211,0.7319252,0.3977137,3.538018,3.551656
14926,0.0834817,-0.3840308,0.1894531,-0.11593,0.1868339,-0.06844894,0.9731228,0.3388342,-0.004178047,0.3242722,-0.3766944,0.1873612,0.1956107,0.8858519,-0.006516248,0.09443641,-0.08411503,0.6684359,-0.1341353,0.7315744,0.3943709,3.518987,3.549594
14960,0.08454481,-0.3843801,0.1894722,-0.1138788,0.188237,-0.06621047,0.9732496,0.3401765,-0.004476786,0.3244696,-0.3760212,0.1924699,0.1863166,0.8870454,-0.006262124,0.09484673,-0.08374214,0.6694083,-0.1305866,0.7313274,0.3893437,3.522905,3.546717
14982,0.08529726,-0.384643,0.1894608,-0.1140011,0.1893815,-0.06586806,0.9730364,0.3409874,-0.004808903,0.3246975,-0.3767726,0.1992732,0.1913904,0.8841394,-0.006170571,0.09500241,-0.08342171,0.6691951,-0.1295044,0.7317148,0.3869981,3.492219,3.542869
15005,0.08579221,-0.3843262,0.189455,-0.1157257,0.1902884,-0.06738558,0.9725519,0.3416943,-0.005270123,0.3244314,-0.3788927,0.2071113,0.2000854,0.8794948,-0.006048113,0.09505188,-0.08308125,0.66864,-0.1293969,0.7322411,0.3859759,3.478868,3.539647
15026,0.08631459,-0.3841579,0.1894932,-0.1167708,0.190618,-0.06808074,0.9723139,0.3421246,-0.005833864,0.3241806,-0.3817568,0.2157028,0.2142047,0.8728404,-0.00595969,0.09511364,-0.08258629,0.6685843,-0.1296261,0.7322513,0.3852495,3.478913,3.537451
15062,0.0868043,-0.3840041,0.1895123,-0.1173153,0.1912526,-0.06770906,0.9721497,0.3423735,-0.007364988,0.3236065,-0.3851518,0.2240051,0.2328019,0.8644554,-0.005754918,0.0952965,-0.08197498,0.6683587,-0.127272,0.73287,0.3828121,3.495272,3.512068
15082,0.08715382,-0.3839146,0.189579,-0.1176251,0.1918727,-0.06766696,0.971993,0.3427106,-0.008201003,0.3234005,-0.3868692,0.2260951,0.2376599,0.8618184,-0.005629599,0.09556246,-0.08154202,0.6689468,-0.12581,0.7325858,0.3828491,3.497897,3.529636
15103,0.08734789,-0.3839496,0.1895714,-0.1179625,0.1925857,-0.06760954,0.9718151,0.3428682,-0.009291649,0.323101,-0.3885065,0.2281789,0.2426431,0.85914,-0.005566686,0.09584045,-0.08119583,0.6706935,-0.1235077,0.7313797,0.3818694,3.495711,3.565674
15124,0.08733216,-0.3839585,0.1896324,-0.117933,0.1932153,-0.06765325,0.9716907,0.34295,-0.01029086,0.3227692,-0.3899841,0.2309812,0.2487661,0.8559647,-0.005400985,0.09647655,-0.08086491,0.6652883,-0.1168477,0.737386,2,0,3.551623
15158,0.08717576,-0.3838342,0.1899662,-0.1180844,0.1929382,-0.06751923,0.9717367,0.3432683,-0.01156557,0.3225164,-0.391103,0.231602,0.2501438,0.8548843,-0.005400985,0.09647655,-0.08086491,0.6652883,-0.1168477,0.737386,2,0,3.551623
15180,0.08716503,-0.3838603,0.1903286,-0.1187735,0.1923923,-0.06759539,0.9717556,0.3434121,-0.01202738,0.3222017,-0.3934967,0.2319607,0.2502345,0.8536611,-0.005400985,0.09647655,-0.08086491,0.6652883,-0.1168477,0.737386,2,0,3.551623
15203,0.08694974,-0.3840604,0.1906738,-0.1189529,0.1923335,-0.06672899,0.9718052,0.3433882,-0.01281118,0.3218699,-0.3947373,0.2359475,0.2598311,0.8491166,-0.004522473,0.1005238,-0.07980442,0.6739255,-0.169383,0.7191201,2,3.605692,0
15227,0.08712307,-0.3844924,0.1910458,-0.1182168,0.1928797,-0.06669328,0.9717892,0.3429019,-0.01325405,0.3215618,-0.3953047,0.2409469,0.2754333,0.8425054,-0.004232913,0.1023061,-0.07974815,0.6713719,0.199589,0.7137395,0.3402393,3.926112,3.759733
15250,0.08759537,-0.3851982,0.191453,-0.1169898,0.1933189,-0.06675819,0.971846,0.3419246,-0.01273322,0.3205729,-0.4001395,0.2422794,0.2803534,0.8382071,-0.003974199,0.1039642,-0.07978535,0.6776908,0.2099977,0.7047241,0.4138893,3.552824,3.484021
15294,0.08842984,-0.3871378,0.1922207,-0.1137251,0.1936179,-0.06808959,0.9720815,0.340562,-0.01187873,0.3189564,-0.4083133,0.2380987,0.2762421,0.8368271,-0.003507376,0.10743,-0.08012676,0.6830145,0.2153323,0.6979422,0.4345987,3.414101,3.536874
15315,0.08874622,-0.3879436,0.1924553,-0.1115553,0.1942674,-0.06699154,0.9722797,0.3396722,-0.01168513,0.3186216,-0.4106497,0.234857,0.2774928,0.8361859,-0.003343374,0.1089153,-0.08043098,0.68279,0.2156401,0.6980667,0.438723,3.418305,3.515962
15338,0.08900204,-0.3886217,0.1926508,-0.1078545,0.1951274,-0.06309438,0.9727856,0.3388957,-0.01129293,0.3182468,-0.4147571,0.234791,0.281919,0.8326893,-0.003149301,0.110341,-0.08076,0.6879327,0.2177057,0.692353,0.429426,3.414041,3.504569
15361,0.08909526,-0.3890653,0.1931324,-0.09928651,0.1961265,-0.05308058,0.974094,0.3383304,-0.01051164,0.3177614,-0.4187227,0.2356747,0.2845176,0.8295652,-0.003008604,0.1117207,-0.08109474,0.6965214,0.2023589,0.6884104,0.42194,3.430604,3.497208
15383,0.08939162,-0.3900754,0.1934576,-0.08677057,0.2001285,-0.03916556,0.9751337,0.3380937,-0.009902,0.3174267,-0.4212963,0.2362704,0.2862161,0.8275059,-0.002738565,0.1130922,-0.08146858,0.7007121,0.1932581,0.6867707,0.4177415,3.412014,3.477584
15406,0.09032908,-0.3915427,0.1932545,-0.07226494,0.2070504,-0.03211049,0.9751292,0.3380002,-0.009115934,0.3168592,-0.4249946,0.2375384,0.2885898,0.8244216,-0.002401948,0.1144818,-0.08193302,0.7031918,0.1877605,0.6857604,0.4135194,3.402798,3.465245
15427,0.09131399,-0.3926741,0.193264,-0.06814183,0.210378,-0.03022519,0.9747739,0.3377267,-0.008233309,0.3163605,-0.4290926,0.2393828,0.2921934,0.8204867,-0.002136052,0.1158328,-0.0823164,0.7041893,0.1868066,0.6849969,0.4095345,3.401695,3.469493
15449,0.09230867,-0.3927923,0.1928577,-0.07246971,0.2131501,-0.03340459,0.9737553,0.3375598,-0.007626534,0.3158875,-0.4319845,0.2399926,0.2918543,0.8189103,-0.00200212,0.1171561,-0.08288097,0.7078627,0.1903783,0.6802106,0.4119167,3.404743,3.460381
15483,0.09304586,-0.3917602,0.1923656,-0.08574373,0.2136599,-0.04794543,0.9719561,0.3374709,-0.006859303,0.3158684,-0.4338576,0.2388556,0.2879628,0.8196298,-0.001934022,0.1191065,-0.0838089,0.7133766,0.2019882,0.6710401,0.4148917,3.409282,3.458438
15505,0.0933992,-0.391363,0.1921673,-0.09182892,0.2131515,-0.0574127,0.9709983,0.3376926,-0.006636143,0.3160305,-0.4339587,0.2381718,0.2865753,0.8202614,-0.001862556,0.1204171,-0.0844841,0.7155779,0.2029715,0.6683942,0.412898,3.3965,3.459075
15527,0.09322944,-0.3913157,0.1924982,-0.09189246,0.2120994,-0.05875475,0.9711424,0.3374867,-0.006735086,0.3163662,-0.4330933,0.2383755,0.2903178,0.8193429,-0.001925439,0.1217893,-0.08518124,0.7170221,0.2026341,0.6669474,0.4132155,3.396705,3.460576
15550,0.09305421,-0.3914518,0.1927967,-0.09021372,0.2119258,-0.05725323,0.9714273,0.3370344,-0.006726503,0.3169613,-0.4324698,0.2386188,0.2955609,0.8177253,-0.002110958,0.1231604,-0.08601284,0.7183544,0.1975229,0.6670469,0.4125978,3.387155,3.447482
15584,0.09293643,-0.3919786,0.1933165,-0.08733133,0.212313,-0.05467861,0.9717544,0.3366639,-0.006040096,0.3174591,-0.4334188,0.2372454,0.2988772,0.8164161,-0.002347112,0.1248926,-0.08722019,0.7196816,0.1940428,0.6666377,0.4114155,3.40155,3.44257
15604,0.0921413,-0.3919953,0.1938591,-0.08711453,0.2123088,-0.05523621,0.9717433,0.3372087,-0.005265951,0.317975,-0.4331155,0.2357481,0.2968498,0.8177494,-0.002391607,0.1258409,-0.08794403,0.7201852,0.1910701,0.6669525,0.4108514,3.398304,3.452503
15625,0.09193936,-0.3921481,0.1941948,-0.0874166,0.2120893,-0.05676792,0.9716758,0.3382377,-0.003816128,0.3186913,-0.4317498,0.2349718,0.2946189,0.8194999,-0.002494574,0.1267703,-0.08860302,0.7202821,0.1832563,0.6690373,0.4095342,3.412495,3.44251
15658,0.09089366,-0.3921638,0.1947517,-0.08782367,0.2103436,-0.05840831,0.9719213,0.3406111,-0.0002754927,0.3196192,-0.4296283,0.2376717,0.2935543,0.8202181,-0.00269255,0.1279837,-0.08953857,0.7197988,0.1790857,0.6706847,0.4145429,3.404731,3.434776
15693,0.09002224,-0.3923647,0.1952333,-0.08770969,0.2100433,-0.05977339,0.9719136,0.3446242,0.005643249,0.3198223,-0.4300955,0.2440079,0.2872182,0.8203559,-0.00279519,0.1287165,-0.09043503,0.7179725,0.172168,0.6744432,0.4274021,3.470607,3.436354
15713,0.08961287,-0.3924065,0.1955853,-0.08800429,0.2101635,-0.06180357,0.971734,0.3474008,0.009901047,0.3204346,-0.4293849,0.2465496,0.280327,0.8223495,-0.002847254,0.1289144,-0.09085178,0.7167067,0.1659329,0.6773461,0.4327408,3.455969,3.417212
15734,0.08918253,-0.3924917,0.1960354,-0.08790786,0.2097474,-0.06326564,0.9717385,0.3512329,0.01442194,0.3216887,-0.4254612,0.2490675,0.2731594,0.8260339,-0.002834022,0.1289685,-0.09121704,0.7154062,0.1600123,0.6801397,0.4369024,3.45648,3.390137
15756,0.0886282,-0.3923393,0.1967411,-0.08723159,0.208869,-0.06292083,0.972011,0.3557967,0.01993513,0.3232546,-0.4199224,0.2528453,0.2649477,0.8303838,-0.002932221,0.1290754,-0.09150124,0.7142016,0.1542253,0.6827376,0.4384567,3.456443,3.388048
15778,0.08812323,-0.3921065,0.197382,-0.08638847,0.2075353,-0.0621605,0.9724208,0.3607821,0.02587473,0.3237438,-0.4192109,0.2589983,0.2538289,0.8323179,-0.0030711,0.1289803,-0.09179306,0.7134277,0.1505652,0.6843619,0.4390213,3.453125,3.386915
15800,0.08757582,-0.3915788,0.1979303,-0.08682016,0.2064581,-0.06140604,0.9726596,0.3663177,0.0324192,0.323885,-0.4196116,0.2674072,0.2453242,0.832007,-0.003191322,0.1288031,-0.0919857,0.7126006,0.1479083,0.6858014,0.4398725,3.451593,3.385795
15834,0.08678475,-0.3904617,0.1984339,-0.08901891,0.2054338,-0.06290627,0.9725819,0.3746175,0.04171073,0.3255558,-0.4126844,0.2776192,0.2408842,0.833423,-0.003316879,0.1285894,-0.09208488,0.7118891,0.1439192,0.6873873,0.4387704,3.461875,3.385802
15856,0.0864965,-0.3894771,0.1985264,-0.09133762,0.2050576,-0.06248068,0.9724737,0.3807084,0.0471909,0.328001,-0.3993303,0.2807539,0.2375196,0.8398196,-0.003384024,0.1285361,-0.09212112,0.7116205,0.1408655,0.6882973,0.4392169,3.465591,3.390167
15878,0.08600226,-0.3883271,0.1986094,-0.09384902,0.2044685,-0.06171677,0.9724074,0.3861243,0.05290008,0.3291292,-0.3949353,0.2850473,0.2313164,0.8421799,-0.003472239,0.128493,-0.09218216,0.7114929,0.1389837,0.6888116,0.4406072,3.467937,3.400042
15900,0.08570448,-0.387558,0.1988449,-0.0959932,0.2038078,-0.06283486,0.9722651,0.3905124,0.06022012,0.3285923,-0.3994737,0.293296,0.2351656,0.8361192,-0.003704458,0.1284429,-0.09212399,0.7111777,0.1381393,0.6893067,0.4427676,3.469516,3.40208
15933,0.08479801,-0.3867313,0.1993313,-0.096294,0.2019832,-0.06275957,0.972621,0.3961019,0.07054281,0.329051,-0.3989066,0.3000877,0.2500702,0.8296299,-0.004165441,0.1282681,-0.09208107,0.7106062,0.1372633,0.6900709,0.443419,3.540571,3.404624
15956,0.08423701,-0.3865471,0.1994591,-0.09567581,0.2010765,-0.06268112,0.9728749,0.3993503,0.07578802,0.3306808,-0.391733,0.301913,0.2633866,0.8282641,-0.004462749,0.1281257,-0.0921011,0.7102141,0.1367704,0.690572,0.4461752,3.50606,3.412857
15978,0.08360139,-0.386306,0.1998711,-0.09510502,0.1996651,-0.06160133,0.9732904,0.4028682,0.07997334,0.3334799,-0.3810979,0.3015794,0.2715242,0.8307159,-0.00466916,0.1280233,-0.09199238,0.7130798,0.134468,0.6880666,0.4688625,3.489617,3.401471
16001,0.08209243,-0.3856988,0.200633,-0.09597519,0.1977765,-0.06183484,0.9735758,0.4073028,0.08466554,0.3353329,-0.3757952,0.3028858,0.2625265,0.8355346,-0.004845172,0.127849,-0.09185219,0.7202876,0.1286481,0.6816417,0.4785391,3.467303,3.431621
16033,0.08106437,-0.3854488,0.2011995,-0.09792182,0.1943263,-0.06327219,0.9739842,0.4149512,0.09250522,0.3352337,-0.3777627,0.3125539,0.2411075,0.8375396,-0.004946142,0.1275058,-0.09158516,0.724539,0.1225629,0.6782489,0.4651655,3.439458,3.445715
16056,0.07970801,-0.3851492,0.2019405,-0.09766927,0.1915808,-0.06215569,0.9746252,0.4190857,0.09685493,0.3361044,-0.3720184,0.3194041,0.2465684,0.8359351,-0.004998446,0.1273235,-0.09139442,0.7259187,0.1194435,0.6773296,0.4580497,3.436319,3.456463
16078,0.07886711,-0.385271,0.2027788,-0.09661854,0.1887647,-0.06124775,0.9753366,0.4218897,0.1006193,0.3381357,-0.3602356,0.3226128,0.2678207,0.8333207,-0.005013019,0.1271378,-0.09112453,0.7263837,0.1185395,0.6769899,0.4557034,3.437441,3.49738
16101,0.07754508,-0.3852241,0.2035322,-0.09596071,0.1858858,-0.0606727,0.9759902,0.425039,0.1048124,0.3388357,-0.355796,0.3279404,0.2722249,0.8317199,-0.004956961,0.1267262,-0.09095669,0.7263737,0.1190152,0.676917,0.4544698,3.500512,3.504684
16134,0.07569495,-0.3850179,0.2047386,-0.09459098,0.1820673,-0.05799482,0.977006,0.4311089,0.110805,0.3393955,-0.3553187,0.332987,0.2530547,0.8359615,-0.004940152,0.126361,-0.09068966,0.7269226,0.1172026,0.6766439,0.4531723,3.486304,3.504679
16157,0.07478777,-0.385278,0.2053509,-0.09232027,0.1804761,-0.05412661,0.9777401,0.4344899,0.1121409,0.3423767,-0.3415658,0.3323506,0.2527823,0.8420077,-0.004891276,0.1260544,-0.09054279,0.7281543,0.1163805,0.6754605,0.4540181,3.484252,3.504752
16179,0.0738174,-0.3856978,0.2059155,-0.09082873,0.1796614,-0.05207922,0.978141,0.4389481,0.1137437,0.3442411,-0.3316818,0.3390505,0.2488525,0.8444552,-0.004764169,0.1258633,-0.09039402,0.7290159,0.1166939,0.6744763,0.4550514,3.485825,3.51846
16201,0.07267275,-0.3858596,0.2065449,-0.09117446,0.1777724,-0.0537463,0.9783638,0.443148,0.1160034,0.34478,-0.327381,0.3493232,0.2478286,0.8422446,-0.004695803,0.1257685,-0.09017372,0.7296904,0.117098,0.6736764,0.4564604,3.487696,3.523069
16235,0.0704743,-0.3859752,0.2075634,-0.09058936,0.1722555,-0.05476873,0.9793478,0.4451713,0.1202788,0.3459311,-0.3304099,0.3476962,0.2560339,0.8392755,-0.004457176,0.1257744,-0.08994102,0.7305232,0.1180029,0.6726153,0.4623289,3.494473,3.534624
16257,0.06879655,-0.3857098,0.208539,-0.08999279,0.1695341,-0.05440724,0.9798976,0.4473971,0.1232785,0.3468647,-0.3305837,0.3466575,0.2541736,0.8402017,-0.004199713,0.1257248,-0.08968449,0.7305645,0.118172,0.6725405,0.4681818,3.495893,3.506944
16279,0.06782833,-0.3856133,0.2091923,-0.08930782,0.1677584,-0.05318506,0.9803329,0.4500917,0.1257532,0.3479509,-0.3277397,0.3499963,0.2484509,0.8416421,-0.003964901,0.1256695,-0.08940983,0.73044,0.1187609,0.6725723,0.4742433,3.50701,3.532912
16301,0.04385236,-0.371102,0.2142715,-0.08792496,0.1663834,-0.05137473,0.9807887,0.4531445,0.1283088,0.3481998,-0.3265074,0.3565081,0.2429298,0.8409995,-0.003697336,0.1257325,-0.08919048,0.73003,0.1196522,0.6728593,0.4773925,3.522781,3.551281
16324,0.04388478,-0.3714603,0.2147036,-0.087853,0.1642065,-0.05168708,0.9811456,0.4561943,0.13108,0.348156,-0.3241824,0.3645231,0.2436744,0.8382431,-0.003253669,0.1259016,-0.08899117,0.7294647,0.1211439,0.6732053,0.4767621,3.53525,3.566331
16358,0.04386511,-0.3716978,0.2152729,-0.08826905,0.161263,-0.05264693,0.9815453,0.4590096,0.1335429,0.350668,-0.3149057,0.3648438,0.2491298,0.8400344,-0.002579898,0.1259543,-0.0885191,0.7282291,0.1234375,0.6741258,0.475328,3.553967,3.587743
16380,0.04365888,-0.3717349,0.2157669,-0.08804554,0.1606959,-0.05206267,0.9816895,0.4612929,0.1340712,0.3533459,-0.305192,0.3606478,0.2396546,0.848149,-0.001908898,0.1259301,-0.08826637,0.7279195,0.1237201,0.6744083,0.4761035,3.565316,3.593008
16403,0.04291824,-0.3718776,0.2167435,-0.08790286,0.1603549,-0.05036172,0.9818468,0.4643783,0.1350825,0.3546801,-0.3000226,0.3625128,0.2227358,0.8537914,-0.001161963,0.1259252,-0.0880003,0.7276617,0.1234752,0.6747314,0.4751921,3.572827,3.605675
16425,0.04188552,-0.3722697,0.2180357,-0.08722899,0.1577771,-0.04945606,0.9823704,0.4670426,0.136287,0.3556499,-0.2940954,0.3664338,0.2154264,0.8560523,-0.0004964769,0.125893,-0.08765602,0.7275338,0.1224484,0.6750562,0.4732544,3.580319,3.615616
16458,0.03961805,-0.3729784,0.2198935,-0.0845494,0.150456,-0.0511979,0.9836631,0.468327,0.1380322,0.3578949,-0.286001,0.3647538,0.2235027,0.8574408,0.0006046891,0.1256717,-0.08726978,0.7271825,0.1200226,0.6758699,0.4716923,3.590098,3.62313
16481,0.03822163,-0.3730714,0.2210722,-0.08318748,0.145721,-0.05236008,0.9844307,0.4690537,0.1399138,0.3588772,-0.2867889,0.364756,0.2265841,0.8563672,0.00136891,0.1255857,-0.08695412,0.7273681,0.1182441,0.6759837,0.4691163,3.59561,3.62803
16503,0.0368723,-0.372887,0.2221603,-0.08227742,0.1420489,-0.05191578,0.9850672,0.4704689,0.1418967,0.3593922,-0.2881763,0.3670528,0.2294605,0.8541514,0.002213538,0.1255034,-0.08659458,0.727059,0.1168177,0.676564,0.4670113,3.598659,3.630976
16525,0.03575411,-0.3725932,0.2229166,-0.08106224,0.139315,-0.04984561,0.9856651,0.471949,0.1429553,0.3601742,-0.2863809,0.3668889,0.2307848,0.8544688,0.003082365,0.1255038,-0.08630943,0.7271359,0.1151262,0.6767713,0.4636083,3.600227,3.65546
16559,0.03486171,-0.3721976,0.2237072,-0.08001458,0.1365584,-0.04866929,0.9861951,0.477456,0.1431686,0.3616123,-0.2798236,0.3675875,0.1996995,0.864117,0.004745424,0.1254401,-0.08586979,0.7274021,0.1144875,0.6765934,0.4605276,3.605207,3.653049
16582,0.03456274,-0.3719019,0.2237415,-0.08146083,0.1356131,-0.05132671,0.9860724,0.4802159,0.1438618,0.3619547,-0.2780286,0.3713916,0.1939196,0.8643863,0.005765468,0.1254898,-0.08561802,0.7276585,0.113537,0.676478,0.4589947,3.61008,3.650709
16604,0.03450242,-0.3714671,0.2236166,-0.08409684,0.1362243,-0.05311237,0.9856722,0.4815575,0.1451082,0.3624315,-0.2749724,0.3757082,0.2096516,0.8598138,0.006752074,0.1254882,-0.08540916,0.7277403,0.1125138,0.676561,0.4585675,3.615699,3.648708
16626,0.03487459,-0.3711534,0.2233419,-0.08652241,0.1359444,-0.05543446,0.9853731,0.4822346,0.1468785,0.3627071,-0.2741697,0.3775777,0.2262642,0.8550267,0.00774914,0.1255033,-0.08517265,0.7281634,0.1114016,0.6762897,0.4595988,3.618389,3.653519
16660,0.03579834,-0.3714861,0.2229757,-0.08684852,0.1361901,-0.05887292,0.985111,0.4848582,0.1478906,0.3634825,-0.2730303,0.3757348,0.2207696,0.8576355,0.009376585,0.125379,-0.08490944,0.7281058,0.1107836,0.6764532,0.4624272,3.632137,3.668839
16682,0.03598478,-0.37165,0.2228146,-0.08540852,0.13696,-0.05703089,0.9852385,0.4862949,0.1478509,0.3641577,-0.2710478,0.3742686,0.2116937,0.8611863,0.01021144,0.1253529,-0.08469868,0.7278264,0.1144123,0.6761498,0.4665667,3.63765,3.803228
16704,0.03611973,-0.371998,0.2225533,-0.08354148,0.1377653,-0.05542947,0.9853777,0.4879321,0.1473873,0.3647985,-0.2672988,0.3759684,0.2057096,0.863066,0.01097324,0.1253666,-0.08451748,0.7270648,0.1166083,0.676594,0.467611,3.644123,3.771932
16727,0.03650656,-0.3723249,0.2225008,-0.08305615,0.1379546,-0.0566461,0.985323,0.4894179,0.1473281,0.3654699,-0.2654514,0.3775201,0.2059769,0.862895,0.01184434,0.1253206,-0.08422089,0.7260826,0.1179975,0.6774073,0.4677716,3.647888,3.755232
16750,0.03650489,-0.3724569,0.2225494,-0.0833278,0.1374141,-0.05777212,0.9853103,0.4899859,0.148025,0.3654976,-0.2677701,0.3789866,0.2127801,0.8598796,0.01263499,0.125229,-0.0839901,0.7248403,0.1191967,0.6785268,0.4673731,3.663538,3.750377
16783,0.03655162,-0.3725122,0.2228603,-0.0832741,0.1366812,-0.05857636,0.9853692,0.4905204,0.1489742,0.3660688,-0.2716275,0.3770688,0.2143582,0.8591205,0.01387298,0.1251796,-0.08370113,0.7230475,0.1201804,0.6802639,0.4687503,3.676949,3.758881
16806,0.03648701,-0.3725835,0.2231455,-0.08285105,0.1359176,-0.05863807,0.9855068,0.490842,0.1487808,0.3668947,-0.2699109,0.3749171,0.2132637,0.8608739,0.01464543,0.1251824,-0.08347321,0.7219809,0.1205183,0.6813361,0.4704555,3.686491,3.762972
16828,0.03645316,-0.3726927,0.2233238,-0.08267687,0.1345949,-0.05925098,0.9856663,0.4922842,0.148067,0.3675165,-0.2666341,0.3756494,0.2071763,0.8630596,0.01549283,0.1251192,-0.08336067,0.7211895,0.120387,0.682197,0.471696,3.690174,3.772818
16850,0.03616109,-0.3727664,0.223711,-0.08241645,0.1331014,-0.05917014,0.9858958,0.4933747,0.1478193,0.3677979,-0.2662377,0.3766235,0.2020875,0.8639635,0.01624972,0.1249814,-0.08332062,0.7208425,0.1206255,0.6825215,0.4741413,3.698821,3.784882
16883,0.0358583,-0.3727113,0.2242985,-0.08218856,0.1311211,-0.05964929,0.9861513,0.4933051,0.1480651,0.3690586,-0.2677849,0.3766293,0.208316,0.8620012,0.01734152,0.1246612,-0.08323288,0.7204957,0.1198487,0.6830243,0.4782443,3.70955,3.792142
16906,0.03575948,-0.3727309,0.2246933,-0.08273548,0.1294778,-0.05934964,0.9863407,0.4917194,0.1483579,0.3707447,-0.2691197,0.3702866,0.2218082,0.8609666,0.01806456,0.1245474,-0.08324814,0.7226095,0.1184145,0.6810386,0.4917156,3.740634,3.821397
16929,0.03537419,-0.3727905,0.2252617,-0.08356366,0.1262592,-0.05939545,0.9866853,0.4906143,0.1487682,0.3718719,-0.2735909,0.3639531,0.2238363,0.8617328,0.01878664,0.1244618,-0.08318138,0.7258448,0.118611,0.6775551,0.5094644,3.741871,3.873011
16951,0.03484479,-0.3729953,0.2257156,-0.08305877,0.1229689,-0.06093716,0.9870495,0.4910707,0.1485949,0.3724003,-0.2728405,0.3634393,0.2143036,0.8646063,0.01933384,0.1245141,-0.08305931,0.7287619,0.1190257,0.6743433,0.5143034,3.740977,3.8747
16984,0.03473738,-0.3732802,0.2259836,-0.08184516,0.1212966,-0.06320049,0.9872154,0.4935392,0.1478546,0.3728962,-0.2652665,0.3720524,0.2084931,0.8647204,0.02021196,0.1246287,-0.08285618,0.7302328,0.1200853,0.6725619,0.5142499,3.738885,4.028172
17007,0.03473774,-0.373405,0.2258453,-0.0813204,0.1217735,-0.06137427,0.9873152,0.4942888,0.1482242,0.3728342,-0.2651971,0.3759606,0.212063,0.8621795,0.020753,0.1247076,-0.08269882,0.7290149,0.1205958,0.6737907,0.4991189,3.73885,3.860596
17030,0.03502253,-0.3733034,0.2256737,-0.08138786,0.1223308,-0.06033271,0.987305,0.4943809,0.1492767,0.3730211,-0.2679945,0.3770257,0.2180703,0.8593463,0.02138773,0.1247866,-0.08253765,0.7284083,0.1211267,0.6743514,0.4965048,3.741711,3.884233
17052,0.03513923,-0.3732219,0.2254543,-0.08224434,0.122348,-0.06092175,0.9871957,0.4937624,0.1505589,0.373126,-0.2718243,0.3755834,0.2223573,0.8576747,0.02189839,0.1247482,-0.08238602,0.7278132,0.1214389,0.6749374,0.4969396,3.747588,3.895492
17074,0.03536692,-0.3733194,0.2251549,-0.08264747,0.1222856,-0.06207231,0.9870981,0.4938077,0.1511781,0.3730526,-0.272388,0.3736005,0.2196712,0.859053,0.02231818,0.1246867,-0.08224201,0.7270625,0.1205166,0.6759112,0.4963384,3.751261,3.889359
17110,0.0357261,-0.3737555,0.2252131,-0.08151917,0.1228966,-0.06178403,0.9871342,0.4949736,0.1513586,0.3739481,-0.2681838,0.3741813,0.2135146,0.8616713,0.02316734,0.1245744,-0.08178616,0.725291,0.1186282,0.6781447,0.4960979,3.750185,3.868657
17132,0.03599051,-0.3742974,0.2252731,-0.08092048,0.1232372,-0.0616825,0.9871473,0.4953169,0.1518644,0.3745089,-0.2676363,0.3748258,0.2165117,0.860813,0.02353781,0.1245353,-0.081357,0.7249917,0.1178097,0.6786073,0.4988766,3.749036,3.923406
17154,0.03612033,-0.3748364,0.2251587,-0.08056938,0.1230892,-0.06242909,0.9871476,0.4953746,0.1531227,0.3741989,-0.2717059,0.3754039,0.2169961,0.8591627,0.02386597,0.1243933,-0.08105373,0.7245723,0.119315,0.6787924,0.5077219,3.748203,3.995424
17176,0.03613463,-0.3753994,0.2250252,-0.08029454,0.1229012,-0.06369175,0.9871127,0.4953665,0.1544406,0.3735991,-0.2770624,0.3750602,0.2137625,0.8584124,0.02422202,0.1242974,-0.08083534,0.7241703,0.1199616,0.6791073,0.5141071,3.752812,3.984593
17210,0.03641966,-0.3761667,0.22509,-0.07899464,0.1227274,-0.0650785,0.9871488,0.4955937,0.1547452,0.3739176,-0.2748652,0.3743148,0.2148351,0.859176,0.0247958,0.1241677,-0.08051968,0.7239575,0.1182903,0.6796271,0.5154299,3.761239,3.933695
17233,0.03677455,-0.3765167,0.2250347,-0.0780049,0.1228004,-0.06508678,0.9872178,0.4963037,0.1546788,0.374258,-0.2725267,0.3754767,0.214667,0.8594559,0.02523243,0.1241513,-0.08028316,0.7240193,0.1182715,0.6795644,0.5142528,3.758156,3.932886
17256,0.03672722,-0.3765913,0.2248363,-0.07712672,0.1226357,-0.06448087,0.9873471,0.4963197,0.1547809,0.3744392,-0.2727285,0.3743355,0.2119303,0.8605682,0.02549958,0.1240628,-0.08014393,0.7236704,0.1187212,0.6798577,0.5140837,3.759379,3.940523
17278,0.03679398,-0.3765488,0.2246704,-0.07704403,0.1225008,-0.06351346,0.987433,0.4965262,0.1548607,0.3745518,-0.2735801,0.3725449,0.2084604,0.8619214,0.02577153,0.1240425,-0.0800705,0.7235876,0.118321,0.6800156,0.5134805,3.768523,3.940347
17302,0.03694585,-0.3762103,0.2247133,-0.07772665,0.122327,-0.06286866,0.9874423,0.4968094,0.1549215,0.374897,-0.2720591,0.3729655,0.2109916,0.861605,0.02611414,0.1240741,-0.07990742,0.7238233,0.11903,0.6796408,0.5130438,3.779434,3.939379
17324,0.03715375,-0.3760592,0.224947,-0.07872416,0.1219328,-0.06381969,0.987351,0.4968077,0.1550524,0.3753347,-0.2707548,0.3734696,0.2165077,0.8604283,0.02647755,0.1240398,-0.07975674,0.7242503,0.1200458,0.679007,0.5131762,3.788566,3.940038
17358,0.03724042,-0.3757591,0.2249861,-0.07937086,0.1222658,-0.06426156,0.9872293,0.4969536,0.1553363,0.3753862,-0.2720847,0.3739726,0.2154138,0.8600647,0.02681267,0.1241289,-0.0795002,0.724948,0.1209348,0.6781041,0.5145423,3.796771,3.937891
17381,0.03710142,-0.375834,0.2250748,-0.07851604,0.121984,-0.06287472,0.9874219,0.4971313,0.1550199,0.3758144,-0.2708585,0.3727779,0.2132531,0.8615077,0.02699208,0.1241103,-0.07932663,0.7254015,0.1217662,0.6774701,0.5163612,3.800945,3.941826
17414,0.03707269,-0.3759075,0.225174,-0.07808385,0.1205284,-0.06203999,0.9876876,0.4975542,0.1550143,0.3758802,-0.2718146,0.3714218,0.2105493,0.8624568,0.0273194,0.1240499,-0.07923222,0.725513,0.122549,0.6772095,0.5152714,3.814441,3.94121
17437,0.03734508,-0.375823,0.2250834,-0.078848,0.1202122,-0.06340733,0.9875786,0.4980556,0.1552742,0.3758497,-0.2710388,0.3729115,0.214315,0.8611295,0.02752584,0.1239817,-0.07922363,0.7254611,0.1226112,0.6772538,0.5148777,3.81814,3.930486
17459,0.03774527,-0.3759418,0.2251453,-0.0786726,0.1200335,-0.06344202,0.9876121,0.4988901,0.1557808,0.3758402,-0.2709862,0.3740068,0.2144547,0.8606362,0.02780768,0.1239893,-0.07917118,0.7252967,0.1225922,0.6774333,0.5152929,3.820817,3.935858
17482,0.03815213,-0.3762178,0.2252188,-0.07777108,0.1203902,-0.06345516,0.9876393,0.4994749,0.1563435,0.3757896,-0.2716978,0.3750798,0.2142967,0.859984,0.02805337,0.1240638,-0.07900715,0.7255301,0.1235416,0.6770108,0.5156351,3.831543,3.98094
17504,0.03823319,-0.376357,0.2252579,-0.07706678,0.1208845,-0.06318804,0.9876512,0.4995898,0.1567211,0.3759937,-0.2714695,0.3747159,0.2155134,0.8599107,0.02818504,0.1241316,-0.07885551,0.7253935,0.1243152,0.6770155,0.516311,3.835164,3.99856
17527,0.03830746,-0.3764553,0.2251139,-0.07712542,0.1211417,-0.06238436,0.9876662,0.4996289,0.1567625,0.3761759,-0.2707944,0.3734611,0.216316,0.8604677,0.02832207,0.1240873,-0.07877064,0.7249602,0.1256093,0.6772407,0.5146349,3.844713,4.014691
17549,0.03835502,-0.3765904,0.2249947,-0.07777563,0.1212455,-0.06293856,0.9875674,0.5000473,0.1568259,0.3763208,-0.2702363,0.3725312,0.2148347,0.8614168,0.02844948,0.1241484,-0.07860756,0.7242444,0.1265544,0.6778304,0.5087782,3.853579,4.048103
17583,0.03825119,-0.3768018,0.224966,-0.07752598,0.1207831,-0.06338001,0.9876154,0.5013112,0.1567981,0.3762302,-0.2684911,0.3741218,0.2155001,0.861107,0.02856976,0.1240153,-0.07833672,0.7232039,0.1274393,0.6787748,0.5046993,3.860796,4.035332
17605,0.03812709,-0.3768334,0.224926,-0.07721462,0.1206053,-0.06261712,0.9877102,0.5019327,0.15714,0.3759813,-0.2684851,0.3762514,0.2191487,0.8592581,0.0286575,0.1238859,-0.0782032,0.722478,0.1266483,0.6796953,0.5032101,3.874769,4.020574
17628,0.03803232,-0.3769561,0.2250767,-0.07715071,0.1205642,-0.06228415,0.9877412,0.5026723,0.1576266,0.375639,-0.2702298,0.3783669,0.2188829,0.8578489,0.0287073,0.1238739,-0.07804966,0.7220743,0.1255058,0.680336,0.5011398,3.881945,4.035832
17651,0.03784171,-0.3771117,0.2252588,-0.07721144,0.1198147,-0.06192426,0.9878503,0.5030721,0.1577854,0.3752937,-0.2703115,0.3786612,0.2190372,0.8576539,0.02876273,0.1238432,-0.0779438,0.7216794,0.1248789,0.6808702,0.498896,3.888401,4.051707
17684,0.03779772,-0.3773247,0.2257938,-0.07648513,0.1177307,-0.06291568,0.9880947,0.5037278,0.1576164,0.3756094,-0.2690744,0.3762409,0.2175898,0.8594745,0.02898288,0.1238784,-0.07769012,0.721444,0.1247345,0.681146,0.4985348,3.902395,4.072797
17708,0.03778258,-0.3775548,0.2261353,-0.07567706,0.1166392,-0.06296199,0.9882835,0.5043317,0.1573567,0.3757706,-0.2695735,0.3753919,0.2143294,0.860508,0.02921405,0.1238823,-0.07747364,0.7216241,0.1253077,0.68085,0.4995811,3.909719,4.093334
17730,0.03784409,-0.3776084,0.2262297,-0.07583466,0.116388,-0.06198716,0.9883626,0.504742,0.1572981,0.3756838,-0.2703036,0.3773308,0.2153924,0.8591645,0.02934289,0.1239027,-0.07724285,0.7218629,0.1256139,0.6805404,0.5017526,3.917203,4.103267
17752,0.03795221,-0.3775865,0.2262936,-0.07630567,0.1165283,-0.0623549,0.9882867,0.5047776,0.1573037,0.3759384,-0.2698563,0.3787794,0.220428,0.8573886,0.02945432,0.12387,-0.07703972,0.7221271,0.1256138,0.6802599,0.5036901,3.920923,4.10704
17775,0.03812543,-0.3776217,0.2261543,-0.07677841,0.1166814,-0.06363165,0.9881506,0.50447,0.1572449,0.376174,-0.2699574,0.3779903,0.2239739,0.8567858,0.02961946,0.1238672,-0.07680988,0.7233776,0.128978,0.6782991,0.5101339,3.9211,4.330244
17809,0.03877512,-0.3775805,0.2261515,-0.0762379,0.117226,-0.06329665,0.9881495,0.5044738,0.1575615,0.3766193,-0.2736856,0.373442,0.2152315,0.8598329,0.02985606,0.1238642,-0.07644463,0.7242886,0.126834,0.6777309,0.5122016,3.921865,4.096764
17832,0.03933278,-0.3775901,0.2262497,-0.07573688,0.1178927,-0.06137413,0.98823,0.5049289,0.1569147,0.3773241,-0.2689506,0.3754112,0.2173072,0.8599474,0.03011888,0.1239165,-0.07618618,0.7247037,0.1264227,0.6773639,0.5128853,3.924465,4.110985
17854,0.03981772,-0.3777132,0.2263384,-0.07587139,0.1191874,-0.0612171,0.9880741,0.5051776,0.1564361,0.3779259,-0.2657767,0.376535,0.2204946,0.8596315,0.03029114,0.1238897,-0.07581139,0.725317,0.1257151,0.676839,0.5134436,3.925762,4.124724
17877,0.04048207,-0.3778082,0.2261457,-0.0761196,0.1199999,-0.06213005,0.9878997,0.5051373,0.1565053,0.3782139,-0.2661662,0.3746651,0.2194676,0.8605903,0.03044331,0.1238624,-0.07552719,0.7258757,0.1251512,0.6763444,0.5131311,3.928885,4.12854
17910,0.04073539,-0.3777981,0.2261553,-0.07594725,0.119558,-0.06129727,0.9880185,0.5053276,0.1573598,0.3779726,-0.2711508,0.3747355,0.2130929,0.8606056,0.03057998,0.1237253,-0.07509804,0.725907,0.1249253,0.6763526,0.5126928,3.939082,4.129303
17934,0.04108587,-0.377872,0.2262115,-0.07623474,0.1205879,-0.06135111,0.9878678,0.5054659,0.1577629,0.3782539,-0.2705553,0.3763393,0.2188156,0.858655,0.03068608,0.1237435,-0.07481956,0.7260592,0.1239247,0.6763732,0.5115718,3.941712,4.129531
17956,0.04142383,-0.3780459,0.2263565,-0.07609693,0.1212521,-0.06141459,0.9877932,0.5055941,0.1579504,0.3784924,-0.2701044,0.3765027,0.2228203,0.8576949,0.03080413,0.1237711,-0.07458019,0.7260029,0.1233388,0.6765407,0.5103266,3.945563,4.131009
17978,0.04156533,-0.3782421,0.2266674,-0.07510995,0.1205374,-0.06154348,0.9879482,0.5061294,0.1583318,0.3784618,-0.2715666,0.377167,0.2199846,0.8576732,0.03096533,0.1238195,-0.07428932,0.7257466,0.1236058,0.6767669,0.5094018,3.947643,4.133262
18001,0.04129151,-0.3784037,0.227088,-0.0743513,0.1189254,-0.06106235,0.9882308,0.5065242,0.1581805,0.3786631,-0.2712961,0.3769755,0.2159593,0.8588653,0.03106064,0.1237905,-0.0739975,0.7256625,0.1240603,0.676774,0.5084513,3.950457,4.135652
18046,0.04145256,-0.3784046,0.2275333,-0.07503431,0.1192431,-0.06099931,0.9881448,0.5072554,0.1582451,0.3793449,-0.26875,0.3783406,0.2180883,0.8585274,0.03125632,0.1238548,-0.07353783,0.7250809,0.1236339,0.677475,0.506443,3.956709,4.141389
18070,0.04158023,-0.378446,0.227705,-0.07498279,0.1193084,-0.06152223,0.9881084,0.5075611,0.1586198,0.3791771,-0.2694353,0.3796035,0.22053,0.8571303,0.03132671,0.1238166,-0.073349,0.7248557,0.1241915,0.677614,0.5053422,3.958211,4.142212
18080,0.04155186,-0.3784503,0.2276525,-0.07495729,0.1192411,-0.06147916,0.9881212,0.507605,0.1587934,0.3790846,-0.2696058,0.3795872,0.2206293,0.8570583,0.03135848,0.1238101,-0.0733099,0.7246705,0.1248231,0.677696,0.5047398,3.960923,4.149321
18103,0.04173902,-0.3783637,0.2278328,-0.07501913,0.118846,-0.06160381,0.9881563,0.5078987,0.1589813,0.3791809,-0.2701362,0.3785032,0.217431,0.8581873,0.03151736,0.1238043,-0.07313061,0.7246901,0.1254365,0.6775618,0.5041309,3.962887,4.153211
18125,0.04179564,-0.3782337,0.228055,-0.07565791,0.1188843,-0.06092445,0.9881451,0.5084585,0.1591084,0.3793097,-0.2700686,0.3786398,0.2147713,0.8588179,0.03164434,0.1238335,-0.07289791,0.7244314,0.1257749,0.6777756,0.5041252,3.964074,4.136012
18160,0.04166535,-0.3781108,0.2283669,-0.07571118,0.1192097,-0.06084192,0.9881068,0.5086657,0.1587341,0.3797894,-0.2677209,0.3800488,0.2193618,0.8577697,0.031602,0.1237669,-0.07265186,0.7237115,0.1259755,0.6785071,0.50335,3.96709,4.133975
18182,0.0415006,-0.378108,0.2286491,-0.0751632,0.1189017,-0.06089573,0.9881825,0.5082718,0.1586175,0.3801918,-0.2667576,0.3785209,0.2185042,0.8589635,0.03154355,0.1237868,-0.07249928,0.7236155,0.1254107,0.6787141,0.503141,3.97059,4.13266
18204,0.04133239,-0.3782706,0.2287769,-0.07503308,0.1185213,-0.06078352,0.988245,0.5083398,0.1587515,0.3799782,-0.2692962,0.3770358,0.2135362,0.8600732,0.03147912,0.1236849,-0.07242966,0.723214,0.1253662,0.67915,0.5032653,3.975329,4.134231
18228,0.04152086,-0.3780824,0.2289639,-0.07551105,0.11817,-0.06157111,0.9882019,0.5087379,0.1590103,0.3796473,-0.2716624,0.3786849,0.2118935,0.8590102,0.03150827,0.1237614,-0.07232952,0.7225496,0.1254222,0.6798466,0.5031238,3.979987,4.146093
18250,0.04140654,-0.378076,0.2291822,-0.07638436,0.1178542,-0.06210228,0.9881392,0.5088557,0.1589117,0.3797226,-0.2721905,0.3797468,0.2135662,0.8579593,0.03142264,0.1238389,-0.07220459,0.7221788,0.1258934,0.6801534,0.5031006,3.986791,4.149346
18284,0.04122642,-0.3783079,0.2292814,-0.07674782,0.1178165,-0.06281568,0.9880705,0.5090352,0.1582768,0.3802052,-0.2690389,0.378563,0.2151982,0.859068,0.03127956,0.1240318,-0.07207108,0.7209427,0.1278263,0.6811035,0.5024348,3.992794,4.146187
18307,0.04108015,-0.3787143,0.2296448,-0.07543243,0.1175065,-0.06258294,0.9882234,0.5098585,0.158035,0.3802319,-0.2685578,0.3796308,0.2112186,0.8597348,0.03128392,0.1241827,-0.07188129,0.7202653,0.1288882,0.68162,0.5018546,3.996997,4.145705
18329,0.04086271,-0.3790616,0.2299051,-0.07429037,0.1173793,-0.06270278,0.9883175,0.5102147,0.1583686,0.3803883,-0.2689606,0.3806579,0.2125454,0.8588272,0.03121853,0.1243507,-0.07164288,0.7200293,0.1290993,0.6818293,0.5016398,3.999112,4.141207
18352,0.04066637,-0.3792757,0.2300301,-0.07440272,0.1177872,-0.06274359,0.9882579,0.5102621,0.1590793,0.3803329,-0.269783,0.3817386,0.2179538,0.8567315,0.03117257,0.1244503,-0.07144547,0.7196414,0.1286034,0.6823324,0.5010476,4.002305,4.124281
18375,0.04058436,-0.3791891,0.2299938,-0.07517091,0.1178942,-0.06355382,0.9881352,0.510327,0.1596963,0.3800993,-0.2706204,0.3821743,0.220601,0.8555949,0.03111997,0.124444,-0.07134819,0.7195211,0.1280061,0.6825715,0.5007117,4.006286,4.11983
18409,0.04017237,-0.3791966,0.2300768,-0.07452136,0.117356,-0.06351816,0.9882508,0.5111817,0.1604794,0.3793964,-0.271248,0.3813607,0.2154687,0.8570659,0.03102827,0.1244794,-0.0711937,0.7192255,0.1267007,0.6831263,0.4992121,4.012827,4.124208
18432,0.03978625,-0.3790593,0.2304201,-0.07350229,0.116662,-0.06149793,0.988537,0.5121588,0.1607687,0.378809,-0.271784,0.3846571,0.2130692,0.8560221,0.03103966,0.1244636,-0.07104969,0.7196376,0.1255033,0.6829133,0.4992503,4.01873,4.124612
18455,0.03959063,-0.3790101,0.2305145,-0.07388414,0.1163121,-0.06090791,0.9885863,0.5127445,0.1609854,0.3786125,-0.270629,0.3867326,0.2165027,0.8545903,0.0310131,0.1244063,-0.07096386,0.7204808,0.1249456,0.682126,0.502328,4.01902,4.127431
18477,0.03927997,-0.378749,0.2308655,-0.07574654,0.1156211,-0.06233833,0.9884372,0.5126983,0.1612384,0.3787899,-0.2700172,0.3868568,0.221134,0.853541,0.03094563,0.1243073,-0.07080555,0.7215004,0.1243144,0.6811631,0.5069791,4.018073,4.131402
18500,0.03905168,-0.3788135,0.231204,-0.07637689,0.114842,-0.06476027,0.9883239,0.512678,0.1613855,0.3787937,-0.2712706,0.3861182,0.2181455,0.8542468,0.03090852,0.1242528,-0.07065773,0.7219858,0.1236165,0.6807756,0.5074903,4.019222,4.134788
18534,0.03843465,-0.3790132,0.2316389,-0.07363825,0.1140317,-0.06106401,0.9888607,0.5126194,0.1614301,0.3788319,-0.2704773,0.3845459,0.2144465,0.8561421,0.03074962,0.1242449,-0.07054615,0.723231,0.122826,0.6795959,0.5069839,4.017661,4.132854
18557,0.03841093,-0.3791107,0.2316704,-0.07251628,0.1145338,-0.05933207,0.988991,0.5122355,0.1618477,0.3788891,-0.2723047,0.383103,0.2147026,0.8561455,0.03061798,0.1243142,-0.07044125,0.7235597,0.1228214,0.6792468,0.504531,4.019005,4.130393
18579,0.03855935,-0.3790816,0.2315445,-0.07448786,0.1146042,-0.06247223,0.9886429,0.5116099,0.1623126,0.3788729,-0.2744903,0.3818519,0.2165765,0.8555343,0.03050664,0.1242712,-0.07038403,0.722919,0.1235736,0.6797924,0.5028376,4.020401,4.127629
18602,0.0386906,-0.3792616,0.2313919,-0.07621872,0.1147763,-0.06418497,0.9883813,0.5111188,0.162719,0.3785305,-0.2763202,0.3804886,0.2167652,0.8555048,0.0303216,0.1244017,-0.07034492,0.7218795,0.1236348,0.680885,0.5017713,4.020645,4.12124
18625,0.03901067,-0.379951,0.2312546,-0.07460181,0.115952,-0.06416642,0.9883686,0.5111088,0.1628925,0.3778982,-0.2766412,0.3814924,0.212793,0.8559511,0.03005978,0.1244301,-0.07019043,0.7201815,0.1243192,0.6825564,0.5003105,4.021523,4.11621
18659,0.03936699,-0.3812073,0.2313499,-0.0701886,0.1172008,-0.06260693,0.9886445,0.5116969,0.1628075,0.3777437,-0.2758118,0.383341,0.2059652,0.8570624,0.02979383,0.1245149,-0.06983566,0.7170883,0.1247388,0.6857292,0.5001389,4.022887,4.097059
18683,0.03963903,-0.381441,0.231143,-0.06940852,0.1181996,-0.06231643,0.988599,0.5114197,0.1626546,0.3783245,-0.2732827,0.3828726,0.2113337,0.8567749,0.02973363,0.124734,-0.06970692,0.7163708,0.1252373,0.6863879,0.5013923,4.026706,4.092868
